Price,Close,High,Low,Open,Volume
Ticker,GC=F,GC=F,GC=F,GC=F,GC=F
Datetime,,,,,
2025-11-12 16:00:00+00:00,4203.0,4204.60009765625,4186.5,4187.7001953125,0
2025-11-12 17:00:00+00:00,4205.7998046875,4212.60009765625,4198.39990234375,4203.2001953125,21502
2025-11-12 18:00:00+00:00,4213.5,4218.5,4196.89990234375,4206.10009765625,31631
2025-11-12 19:00:00+00:00,4203.2998046875,4216.5,4197.7998046875,4213.7998046875,10680
2025-11-12 20:00:00+00:00,4201.2998046875,4205.5,4196.0,4203.39990234375,9792
2025-11-12 21:00:00+00:00,4201.39990234375,4207.89990234375,4196.5,4201.2998046875,5153
2025-11-12 23:00:00+00:00,4195.60009765625,4210.0,4190.2998046875,4202.39990234375,0
2025-11-13 00:00:00+00:00,4209.2998046875,4212.5,4189.10009765625,4195.5,8200
2025-11-13 01:00:00+00:00,4197.0,4213.0,4183.2001953125,4209.2001953125,11371
2025-11-13 02:00:00+00:00,4194.2001953125,4201.0,4188.10009765625,4197.10009765625,7782
2025-11-13 03:00:00+00:00,4216.7998046875,4217.2001953125,4193.89990234375,4194.0,10175
2025-11-13 04:00:00+00:00,4214.60009765625,4223.89990234375,4207.7001953125,4216.89990234375,7975
2025-11-13 05:00:00+00:00,4216.0,4221.39990234375,4211.2001953125,4213.2998046875,8281
2025-11-13 06:00:00+00:00,4214.39990234375,4216.39990234375,4206.89990234375,4215.39990234375,6848
2025-11-13 07:00:00+00:00,4224.60009765625,4224.89990234375,4212.39990234375,4214.60009765625,8404
2025-11-13 08:00:00+00:00,4237.5,4244.2998046875,4223.39990234375,4224.7001953125,13695
2025-11-13 09:00:00+00:00,4238.2998046875,4245.10009765625,4230.0,4237.39990234375,8850
2025-11-13 10:00:00+00:00,4230.2998046875,4245.60009765625,4226.60009765625,4238.10009765625,8622
2025-11-13 11:00:00+00:00,4235.0,4236.89990234375,4224.0,4230.7001953125,7992
2025-11-13 12:00:00+00:00,4247.39990234375,4250.0,4234.2001953125,4234.7001953125,10175
2025-11-13 13:00:00+00:00,4236.7001953125,4248.7001953125,4224.5,4247.2001953125,16128
2025-11-13 14:00:00+00:00,4199.89990234375,4237.5,4188.60009765625,4236.89990234375,36248
2025-11-13 15:00:00+00:00,4206.60009765625,4209.7001953125,4190.5,4199.7998046875,18274
2025-11-13 16:00:00+00:00,4210.7998046875,4215.7998046875,4200.0,4206.60009765625,17260
2025-11-13 17:00:00+00:00,4206.2998046875,4212.7998046875,4197.7001953125,4211.0,13588
2025-11-13 18:00:00+00:00,4161.60009765625,4207.7998046875,4148.5,4206.2001953125,45551
2025-11-13 19:00:00+00:00,4167.7998046875,4174.5,4149.5,4161.5,17758
2025-11-13 20:00:00+00:00,4168.10009765625,4174.7998046875,4164.2001953125,4167.7998046875,7701
2025-11-13 21:00:00+00:00,4174.5,4185.0,4165.0,4167.89990234375,5281
2025-11-13 23:00:00+00:00,4188.89990234375,4189.60009765625,4173.10009765625,4174.89990234375,0
2025-11-14 00:00:00+00:00,4186.89990234375,4192.60009765625,4180.89990234375,4189.0,5414
2025-11-14 01:00:00+00:00,4193.0,4196.60009765625,4176.2001953125,4186.5,8450
2025-11-14 02:00:00+00:00,4209.7998046875,4213.0,4191.2998046875,4193.10009765625,8733
2025-11-14 03:00:00+00:00,4207.7001953125,4215.10009765625,4204.2001953125,4209.60009765625,4745
2025-11-14 04:00:00+00:00,4206.2001953125,4209.0,4199.5,4207.60009765625,3416
2025-11-14 05:00:00+00:00,4192.7998046875,4206.60009765625,4186.39990234375,4206.2998046875,7865
2025-11-14 06:00:00+00:00,4177.2998046875,4196.2001953125,4171.7001953125,4192.2998046875,8401
2025-11-14 07:00:00+00:00,4184.39990234375,4186.0,4162.10009765625,4177.7001953125,11017
2025-11-14 08:00:00+00:00,4179.10009765625,4190.7001953125,4172.60009765625,4184.5,10415
2025-11-14 09:00:00+00:00,4171.89990234375,4183.60009765625,4169.0,4178.60009765625,7745
2025-11-14 10:00:00+00:00,4170.7001953125,4174.2998046875,4162.60009765625,4171.7001953125,8288
2025-11-14 11:00:00+00:00,4135.60009765625,4172.7998046875,4133.2998046875,4171.0,16872
2025-11-14 12:00:00+00:00,4118.2998046875,4143.39990234375,4109.0,4135.10009765625,24708
2025-11-14 13:00:00+00:00,4056.5,4121.2998046875,4042.39990234375,4117.7998046875,55493
2025-11-14 14:00:00+00:00,4083.699951171875,4085.0,4032.60009765625,4056.39990234375,44512
2025-11-14 15:00:00+00:00,4095.5,4098.2001953125,4069.10009765625,4083.39990234375,30350
2025-11-14 16:00:00+00:00,4107.10009765625,4113.2001953125,4082.60009765625,4095.699951171875,18566
2025-11-14 17:00:00+00:00,4101.5,4112.7001953125,4095.39990234375,4107.39990234375,16133
2025-11-14 18:00:00+00:00,4100.0,4106.0,4082.60009765625,4101.60009765625,17643
2025-11-14 19:00:00+00:00,4091.800048828125,4102.0,4089.5,4100.2001953125,6514
2025-11-14 20:00:00+00:00,4088.89990234375,4094.199951171875,4077.5,4092.199951171875,9018
2025-11-14 21:00:00+00:00,4084.39990234375,4088.800048828125,4078.800048828125,4088.60009765625,3721
2025-11-16 23:00:00+00:00,4097.0,4107.60009765625,4094.0,4100.0,4908
2025-11-17 00:00:00+00:00,4084.39990234375,4099.7001953125,4081.0,4097.60009765625,5254
2025-11-17 01:00:00+00:00,4092.199951171875,4103.60009765625,4083.800048828125,4084.300048828125,7210
2025-11-17 02:00:00+00:00,4082.89990234375,4095.300048828125,4081.60009765625,4092.39990234375,7691
2025-11-17 03:00:00+00:00,4084.0,4086.89990234375,4070.5,4082.60009765625,8501
2025-11-17 04:00:00+00:00,4078.800048828125,4089.10009765625,4077.800048828125,4084.199951171875,5343
2025-11-17 05:00:00+00:00,4060.0,4079.800048828125,4051.10009765625,4079.800048828125,11836
2025-11-17 06:00:00+00:00,4067.0,4072.60009765625,4055.5,4059.89990234375,8401
2025-11-17 07:00:00+00:00,4088.89990234375,4089.89990234375,4065.699951171875,4066.5,7504
2025-11-17 08:00:00+00:00,4078.800048828125,4097.10009765625,4072.89990234375,4088.89990234375,10463
2025-11-17 09:00:00+00:00,4083.300048828125,4090.0,4073.5,4078.39990234375,7844
2025-11-17 10:00:00+00:00,4072.10009765625,4091.0,4069.800048828125,4083.39990234375,9088
2025-11-17 11:00:00+00:00,4080.10009765625,4087.5,4062.300048828125,4071.89990234375,9491
2025-11-17 12:00:00+00:00,4078.5,4087.0,4075.800048828125,4080.0,5592
2025-11-17 13:00:00+00:00,4065.89990234375,4093.5,4059.800048828125,4078.60009765625,12514
2025-11-17 14:00:00+00:00,4077.800048828125,4083.60009765625,4060.800048828125,4066.0,13106
2025-11-17 15:00:00+00:00,4065.60009765625,4078.89990234375,4061.699951171875,4077.60009765625,13771
2025-11-17 16:00:00+00:00,4071.10009765625,4074.5,4053.10009765625,4065.199951171875,13567
2025-11-17 17:00:00+00:00,4074.699951171875,4082.5,4071.0,4071.199951171875,8840
2025-11-17 18:00:00+00:00,4063.800048828125,4077.10009765625,4063.60009765625,4074.699951171875,7850
2025-11-17 19:00:00+00:00,4011.300048828125,4066.5,4010.10009765625,4063.800048828125,28322
2025-11-17 20:00:00+00:00,4041.199951171875,4044.39990234375,4006.800048828125,4011.39990234375,17597
2025-11-17 21:00:00+00:00,4045.10009765625,4046.800048828125,4038.89990234375,4041.0,3654
2025-11-17 23:00:00+00:00,4036.300048828125,4055.39990234375,4027.60009765625,4045.60009765625,0
2025-11-18 00:00:00+00:00,4039.800048828125,4041.0,4026.89990234375,4036.5,5898
2025-11-18 01:00:00+00:00,4024.300048828125,4044.800048828125,4021.39990234375,4040.10009765625,8063
2025-11-18 02:00:00+00:00,4018.199951171875,4035.89990234375,4015.800048828125,4024.10009765625,7198
2025-11-18 03:00:00+00:00,4012.300048828125,4026.199951171875,4008.0,4018.0,9224
2025-11-18 04:00:00+00:00,4011.0,4017.800048828125,4002.5,4012.199951171875,7940
2025-11-18 05:00:00+00:00,4018.699951171875,4024.800048828125,4007.699951171875,4010.10009765625,8575
2025-11-18 06:00:00+00:00,4008.300048828125,4020.300048828125,4007.10009765625,4018.60009765625,6571
2025-11-18 07:00:00+00:00,4013.39990234375,4017.10009765625,3997.39990234375,4008.39990234375,15404
2025-11-18 08:00:00+00:00,4036.800048828125,4042.5,4010.199951171875,4013.699951171875,12042
2025-11-18 09:00:00+00:00,4039.699951171875,4047.0,4029.60009765625,4036.10009765625,6884
2025-11-18 10:00:00+00:00,4043.60009765625,4050.199951171875,4036.800048828125,4039.699951171875,7527
2025-11-18 11:00:00+00:00,4039.0,4049.89990234375,4036.10009765625,4043.5,4913
2025-11-18 12:00:00+00:00,4031.699951171875,4044.699951171875,4028.10009765625,4039.0,6435
2025-11-18 13:00:00+00:00,4065.300048828125,4070.800048828125,4030.39990234375,4031.89990234375,19490
2025-11-18 14:00:00+00:00,4065.0,4082.300048828125,4057.89990234375,4065.699951171875,25915
2025-11-18 15:00:00+00:00,4053.199951171875,4072.39990234375,4048.699951171875,4064.89990234375,21609
2025-11-18 16:00:00+00:00,4067.39990234375,4069.800048828125,4040.10009765625,4053.39990234375,19366
2025-11-18 17:00:00+00:00,4072.10009765625,4076.39990234375,4059.300048828125,4067.199951171875,8981
2025-11-18 18:00:00+00:00,4072.300048828125,4075.300048828125,4063.5,4072.0,7758
2025-11-18 19:00:00+00:00,4082.300048828125,4083.300048828125,4073.199951171875,4073.5,6600
2025-11-18 20:00:00+00:00,4069.800048828125,4083.699951171875,4067.699951171875,4082.199951171875,4584
2025-11-18 21:00:00+00:00,4067.39990234375,4072.800048828125,4064.89990234375,4069.699951171875,1605
2025-11-18 23:00:00+00:00,4076.5,4077.60009765625,4065.300048828125,4067.800048828125,0
2025-11-19 00:00:00+00:00,4069.0,4078.199951171875,4067.0,4076.10009765625,3406
2025-11-19 01:00:00+00:00,4059.60009765625,4070.699951171875,4056.60009765625,4068.89990234375,5174
2025-11-19 02:00:00+00:00,4075.699951171875,4081.300048828125,4056.10009765625,4059.800048828125,5825
2025-11-19 03:00:00+00:00,4066.800048828125,4079.0,4065.89990234375,4075.699951171875,4655
2025-11-19 04:00:00+00:00,4075.300048828125,4076.800048828125,4064.10009765625,4066.699951171875,2818
2025-11-19 05:00:00+00:00,4096.60009765625,4098.39990234375,4073.89990234375,4075.199951171875,9592
2025-11-19 06:00:00+00:00,4091.699951171875,4100.0,4090.0,4096.5,6258
2025-11-19 07:00:00+00:00,4087.300048828125,4097.7001953125,4085.10009765625,4091.39990234375,6005
2025-11-19 08:00:00+00:00,4083.60009765625,4089.60009765625,4078.199951171875,4086.800048828125,6745
2025-11-19 09:00:00+00:00,4114.2998046875,4117.7001953125,4081.10009765625,4083.800048828125,11248
2025-11-19 10:00:00+00:00,4109.60009765625,4120.0,4107.5,4114.10009765625,8508
2025-11-19 11:00:00+00:00,4113.60009765625,4118.5,4107.10009765625,4109.7001953125,6893
2025-11-19 12:00:00+00:00,4115.10009765625,4121.0,4112.7001953125,4113.60009765625,5655
2025-11-19 13:00:00+00:00,4111.5,4118.7001953125,4101.0,4115.0,15461
2025-11-19 14:00:00+00:00,4129.2001953125,4130.7001953125,4102.2998046875,4111.7998046875,17409
2025-11-19 15:00:00+00:00,4097.39990234375,4134.2998046875,4090.5,4129.10009765625,32874
2025-11-19 16:00:00+00:00,4075.699951171875,4099.39990234375,4068.300048828125,4097.0,25671
2025-11-19 17:00:00+00:00,4079.60009765625,4082.0,4055.60009765625,4074.699951171875,18816
2025-11-19 18:00:00+00:00,4087.89990234375,4092.39990234375,4076.39990234375,4079.39990234375,14223
2025-11-19 19:00:00+00:00,4073.800048828125,4087.699951171875,4069.0,4087.60009765625,9407
2025-11-19 20:00:00+00:00,4076.5,4082.800048828125,4072.300048828125,4073.39990234375,5247
2025-11-19 21:00:00+00:00,4078.300048828125,4085.199951171875,4065.0,4076.300048828125,3921
2025-11-19 23:00:00+00:00,4104.2998046875,4108.10009765625,4076.800048828125,4079.89990234375,0
2025-11-20 00:00:00+00:00,4102.0,4109.60009765625,4098.89990234375,4104.2998046875,5099
2025-11-20 01:00:00+00:00,4081.10009765625,4108.0,4080.800048828125,4102.0,9801
2025-11-20 02:00:00+00:00,4065.300048828125,4081.60009765625,4034.0,4081.199951171875,15557
2025-11-20 03:00:00+00:00,4070.300048828125,4084.0,4060.199951171875,4065.199951171875,8592
2025-11-20 04:00:00+00:00,4075.10009765625,4079.10009765625,4066.60009765625,4070.39990234375,3115
2025-11-20 05:00:00+00:00,4065.10009765625,4074.699951171875,4063.39990234375,4074.199951171875,4477
2025-11-20 06:00:00+00:00,4066.89990234375,4077.0,4057.5,4064.800048828125,5536
2025-11-20 07:00:00+00:00,4058.89990234375,4075.300048828125,4052.800048828125,4066.60009765625,8447
2025-11-20 08:00:00+00:00,4062.39990234375,4069.0,4037.39990234375,4058.300048828125,16282
2025-11-20 09:00:00+00:00,4062.300048828125,4071.5,4054.300048828125,4062.39990234375,13084
2025-11-20 10:00:00+00:00,4058.60009765625,4066.60009765625,4056.89990234375,4062.800048828125,4983
2025-11-20 11:00:00+00:00,4059.60009765625,4067.0,4049.60009765625,4058.60009765625,6992
2025-11-20 12:00:00+00:00,4081.199951171875,4081.60009765625,4059.0,4059.60009765625,8788
2025-11-20 13:00:00+00:00,4079.699951171875,4096.2001953125,4066.10009765625,4081.39990234375,27640
2025-11-20 14:00:00+00:00,4092.60009765625,4106.89990234375,4071.800048828125,4080.0,23722
2025-11-20 15:00:00+00:00,4069.5,4098.5,4069.300048828125,4092.300048828125,21239
2025-11-20 16:00:00+00:00,4047.60009765625,4082.60009765625,4043.5,4069.300048828125,25364
2025-11-20 17:00:00+00:00,4064.699951171875,4067.5,4042.60009765625,4047.5,17948
2025-11-20 18:00:00+00:00,4060.0,4071.5,4055.5,4064.699951171875,15823
2025-11-20 19:00:00+00:00,4084.39990234375,4087.300048828125,4058.60009765625,4060.10009765625,10082
2025-11-20 20:00:00+00:00,4077.300048828125,4084.699951171875,4072.699951171875,4084.199951171875,6828
2025-11-20 21:00:00+00:00,4076.699951171875,4080.300048828125,4073.89990234375,4077.300048828125,1974
2025-11-20 23:00:00+00:00,4079.699951171875,4089.39990234375,4072.10009765625,4074.89990234375,0
2025-11-21 00:00:00+00:00,4073.60009765625,4081.10009765625,4071.0,4079.199951171875,3419
2025-11-21 01:00:00+00:00,4068.199951171875,4074.0,4060.199951171875,4073.39990234375,6254
2025-11-21 02:00:00+00:00,4055.5,4079.10009765625,4054.89990234375,4067.5,6225
2025-11-21 03:00:00+00:00,4054.5,4057.89990234375,4048.0,4055.39990234375,6908
2025-11-21 04:00:00+00:00,4049.39990234375,4060.699951171875,4045.5,4054.0,4571
2025-11-21 05:00:00+00:00,4056.199951171875,4057.5,4037.5,4050.300048828125,8678
2025-11-21 06:00:00+00:00,4030.300048828125,4063.39990234375,4026.0,4056.60009765625,11322
2025-11-21 07:00:00+00:00,4029.0,4036.89990234375,4021.60009765625,4030.199951171875,8758
2025-11-21 08:00:00+00:00,4037.89990234375,4045.699951171875,4018.10009765625,4028.699951171875,10704
2025-11-21 09:00:00+00:00,4047.699951171875,4060.5,4037.0,4037.800048828125,13811
2025-11-21 10:00:00+00:00,4034.10009765625,4049.800048828125,4029.0,4047.300048828125,12379
2025-11-21 11:00:00+00:00,4034.10009765625,4044.10009765625,4028.10009765625,4034.300048828125,6464
2025-11-21 12:00:00+00:00,4064.199951171875,4070.5,4032.300048828125,4034.300048828125,14458
2025-11-21 13:00:00+00:00,4078.199951171875,4080.300048828125,4057.300048828125,4064.5,16147
2025-11-21 14:00:00+00:00,4070.300048828125,4082.89990234375,4060.0,4078.199951171875,22165
2025-11-21 15:00:00+00:00,4068.699951171875,4075.89990234375,4053.39990234375,4070.10009765625,22846
2025-11-21 16:00:00+00:00,4099.7001953125,4100.60009765625,4061.800048828125,4068.5,21971
2025-11-21 17:00:00+00:00,4085.0,4101.0,4078.800048828125,4099.60009765625,16807
2025-11-21 18:00:00+00:00,4081.89990234375,4087.39990234375,4075.5,4085.0,13158
2025-11-21 19:00:00+00:00,4087.199951171875,4092.10009765625,4081.800048828125,4082.10009765625,5176
2025-11-21 20:00:00+00:00,4064.5,4088.199951171875,4053.5,4087.0,12522
2025-11-21 21:00:00+00:00,4062.800048828125,4066.10009765625,4052.199951171875,4064.39990234375,4134
2025-11-23 23:00:00+00:00,4071.60009765625,4074.800048828125,4062.5,4068.5,3954
2025-11-24 00:00:00+00:00,4064.699951171875,4072.699951171875,4054.800048828125,4071.699951171875,3517
2025-11-24 01:00:00+00:00,4041.10009765625,4070.60009765625,4038.89990234375,4064.800048828125,8368
2025-11-24 02:00:00+00:00,4040.699951171875,4048.60009765625,4037.199951171875,4040.89990234375,4936
2025-11-24 03:00:00+00:00,4047.5,4055.199951171875,4040.699951171875,4041.0,4740
2025-11-24 04:00:00+00:00,4039.89990234375,4058.699951171875,4038.800048828125,4047.199951171875,5038
2025-11-24 05:00:00+00:00,4042.699951171875,4046.300048828125,4036.39990234375,4040.800048828125,4978
2025-11-24 06:00:00+00:00,4049.5,4054.300048828125,4041.89990234375,4042.699951171875,4752
2025-11-24 07:00:00+00:00,4057.0,4064.5,4047.89990234375,4049.699951171875,6121
2025-11-24 08:00:00+00:00,4060.699951171875,4064.0,4056.199951171875,4056.5,5160
2025-11-24 09:00:00+00:00,4068.5,4071.800048828125,4059.89990234375,4060.199951171875,7842
2025-11-24 10:00:00+00:00,4061.199951171875,4074.0,4060.199951171875,4068.60009765625,7176
2025-11-24 11:00:00+00:00,4066.5,4068.39990234375,4060.199951171875,4061.199951171875,5363
2025-11-24 12:00:00+00:00,4077.89990234375,4081.60009765625,4062.60009765625,4066.39990234375,8415
2025-11-24 13:00:00+00:00,4075.300048828125,4083.800048828125,4070.60009765625,4078.0,16263
2025-11-24 14:00:00+00:00,4078.89990234375,4084.60009765625,4066.0,4075.10009765625,18953
2025-11-24 15:00:00+00:00,4089.800048828125,4092.60009765625,4078.89990234375,4079.0,19734
2025-11-24 16:00:00+00:00,4096.2001953125,4097.39990234375,4087.699951171875,4090.0,17015
2025-11-24 17:00:00+00:00,4091.699951171875,4099.60009765625,4087.5,4096.60009765625,13720
2025-11-24 18:00:00+00:00,4119.2998046875,4126.39990234375,4086.5,4091.800048828125,26871
2025-11-24 19:00:00+00:00,4117.39990234375,4123.2998046875,4113.0,4119.39990234375,10045
2025-11-24 20:00:00+00:00,4130.5,4132.89990234375,4117.0,4117.39990234375,9570
2025-11-24 21:00:00+00:00,4133.7998046875,4138.2001953125,4128.2001953125,4130.2998046875,4295
2025-11-24 23:00:00+00:00,4141.89990234375,4142.2001953125,4124.0,4133.5,0
2025-11-25 00:00:00+00:00,4126.60009765625,4142.7998046875,4124.7001953125,4141.89990234375,2496
2025-11-25 01:00:00+00:00,4132.0,4136.39990234375,4120.5,4126.7001953125,4062
2025-11-25 02:00:00+00:00,4147.2998046875,4152.0,4130.10009765625,4131.60009765625,3657
2025-11-25 03:00:00+00:00,4140.10009765625,4147.2998046875,4136.0,4147.0,2555
2025-11-25 04:00:00+00:00,4138.7998046875,4145.7001953125,4136.7998046875,4139.7001953125,1760
2025-11-25 05:00:00+00:00,4148.39990234375,4150.0,4138.5,4138.5,1648
2025-11-25 06:00:00+00:00,4138.60009765625,4149.5,4136.2001953125,4147.89990234375,1983
2025-11-25 07:00:00+00:00,4129.39990234375,4142.7001953125,4126.2998046875,4138.10009765625,4603
2025-11-25 08:00:00+00:00,4113.0,4166.7001953125,4106.7001953125,4129.7001953125,36788
2025-11-25 09:00:00+00:00,4161.89990234375,4164.89990234375,4111.0,4150.0,8166
2025-11-25 10:00:00+00:00,4165.2998046875,4172.89990234375,4124.10009765625,4161.7998046875,0
2025-11-25 11:00:00+00:00,4167.60009765625,4171.7998046875,4124.2998046875,4128.2998046875,39405
2025-11-25 12:00:00+00:00,4127.10009765625,4172.89990234375,4112.39990234375,4130.60009765625,0
2025-11-25 13:00:00+00:00,4181.7998046875,4185.60009765625,4126.2001953125,4127.10009765625,56645
2025-11-25 14:00:00+00:00,4158.60009765625,4182.7998046875,4106.7998046875,4181.7001953125,28137
2025-11-25 15:00:00+00:00,4156.7998046875,4167.7001953125,4113.89990234375,4121.7998046875,17751
2025-11-25 16:00:00+00:00,4132.2001953125,4175.5,4118.10009765625,4118.60009765625,0
2025-11-25 17:00:00+00:00,4180.5,4194.0,4131.7998046875,4132.2001953125,89134
2025-11-25 18:00:00+00:00,4131.7001953125,4185.60009765625,4128.2998046875,4142.7998046875,0
2025-11-25 19:00:00+00:00,4131.7001953125,4174.7001953125,4125.60009765625,4131.7001953125,2389
2025-11-25 20:00:00+00:00,4166.7001953125,4173.5,4128.10009765625,4131.89990234375,92924
2025-11-25 21:00:00+00:00,4177.2998046875,4177.2998046875,4124.39990234375,4129.10009765625,1608
2025-11-25 23:00:00+00:00,4167.60009765625,4172.39990234375,4127.5,4167.0,0
2025-11-26 00:00:00+00:00,4177.2001953125,4178.7001953125,4129.39990234375,4167.89990234375,2947
2025-11-26 01:00:00+00:00,4183.0,4187.5,4135.89990234375,4177.60009765625,5250
2025-11-26 02:00:00+00:00,4196.89990234375,4201.7998046875,4144.89990234375,4183.0,8924
2025-11-26 03:00:00+00:00,4201.2001953125,4204.89990234375,4157.60009765625,4197.0,4535
2025-11-26 04:00:00+00:00,4197.2998046875,4202.2001953125,4154.7001953125,4201.0,4632
2025-11-26 05:00:00+00:00,4197.10009765625,4204.0,4158.5,4197.5,4487
2025-11-26 06:00:00+00:00,4185.2998046875,4197.5,4144.10009765625,4197.0,6533
2025-11-26 07:00:00+00:00,4191.89990234375,4196.0,4146.7998046875,4185.0,4964
2025-11-26 08:00:00+00:00,4195.39990234375,4203.2001953125,4151.7001953125,4191.89990234375,7920
2025-11-26 09:00:00+00:00,4197.10009765625,4198.7998046875,4153.5,4195.10009765625,4532
2025-11-26 10:00:00+00:00,4194.89990234375,4199.39990234375,4153.2998046875,4197.2001953125,6399
2025-11-26 11:00:00+00:00,4206.7001953125,4208.60009765625,4154.7998046875,4195.0,7286
2025-11-26 12:00:00+00:00,4190.39990234375,4209.0,4145.39990234375,4206.7998046875,11146
2025-11-26 13:00:00+00:00,4188.2001953125,4201.39990234375,4146.0,4189.89990234375,12370
2025-11-26 14:00:00+00:00,4176.7001953125,4192.10009765625,4138.2998046875,4187.89990234375,18124
2025-11-26 15:00:00+00:00,4200.2998046875,4200.7001953125,4132.89990234375,4176.39990234375,26337
2025-11-26 16:00:00+00:00,4201.60009765625,4203.0,4158.10009765625,4200.39990234375,15354
2025-11-26 17:00:00+00:00,4201.7998046875,4204.7998046875,4162.7998046875,4201.5,7685
2025-11-26 18:00:00+00:00,4198.5,4206.60009765625,4155.60009765625,4202.10009765625,12300
2025-11-26 19:00:00+00:00,4197.0,4204.0,4159.39990234375,4198.7998046875,5090
2025-11-26 20:00:00+00:00,4196.89990234375,4201.2998046875,4157.2001953125,4196.60009765625,4900
2025-11-26 21:00:00+00:00,4196.10009765625,4200.89990234375,4158.39990234375,4196.89990234375,1723
2025-11-26 23:00:00+00:00,4196.60009765625,4200.7998046875,4161.5,4198.60009765625,0
2025-11-27 00:00:00+00:00,4197.10009765625,4199.5,4159.2998046875,4196.5,1304
2025-11-27 01:00:00+00:00,4187.39990234375,4198.2001953125,4145.5,4197.0,6515
2025-11-27 02:00:00+00:00,4177.39990234375,4189.2998046875,4152.0,4187.7001953125,4398
2025-11-27 03:00:00+00:00,4179.5,4183.0,4144.5,4177.60009765625,3530
2025-11-27 04:00:00+00:00,4182.7001953125,4186.89990234375,4140.0,4179.2998046875,4805
2025-11-28 14:30:00+00:00,4233.5,4246.60009765625,4188.2998046875,4217.60009765625,15787
2025-11-28 15:30:00+00:00,4239.2998046875,4239.5,4185.10009765625,4233.7001953125,13575
2025-11-28 16:30:00+00:00,4242.10009765625,4246.2001953125,4200.7001953125,4239.2998046875,9734
2025-11-28 17:30:00+00:00,4251.39990234375,4251.7001953125,4205.0,4242.0,9070
2025-11-30 23:00:00+00:00,4257.2998046875,4261.0,4214.89990234375,4245.10009765625,8256
2025-12-01 00:00:00+00:00,4267.2001953125,4269.7998046875,4222.7998046875,4257.5,8056
2025-12-01 01:00:00+00:00,4290.60009765625,4291.39990234375,4223.0,4266.7001953125,13870
2025-12-01 02:00:00+00:00,4277.7998046875,4291.7998046875,4237.89990234375,4290.7001953125,10333
2025-12-01 03:00:00+00:00,4273.7998046875,4278.89990234375,4267.0,4278.0,8888
2025-12-01 04:00:00+00:00,4280.5,4281.89990234375,4270.7998046875,4274.10009765625,3903
2025-12-01 05:00:00+00:00,4263.5,4281.2998046875,4220.2998046875,4280.5,12935
2025-12-01 06:00:00+00:00,4269.89990234375,4273.89990234375,4259.60009765625,4263.60009765625,6513
2025-12-01 07:00:00+00:00,4278.89990234375,4280.0,4239.39990234375,4270.2001953125,5680
2025-12-01 08:00:00+00:00,4279.2001953125,4288.7998046875,4245.7998046875,4278.7001953125,7973
2025-12-01 09:00:00+00:00,4284.2998046875,4287.0,4277.7998046875,4279.2998046875,6043
2025-12-01 10:00:00+00:00,4290.7001953125,4297.7998046875,4250.89990234375,4284.2998046875,9860
2025-12-01 11:00:00+00:00,4290.0,4294.0,4252.2001953125,4290.7998046875,4244
2025-12-01 12:00:00+00:00,4280.7998046875,4292.10009765625,4252.2001953125,4289.7001953125,6645
2025-12-01 13:00:00+00:00,4281.7001953125,4299.60009765625,4250.2001953125,4280.60009765625,13160
2025-12-01 14:00:00+00:00,4273.2001953125,4283.7001953125,4225.60009765625,4281.7001953125,24801
2025-12-01 15:00:00+00:00,4265.2001953125,4279.0,4219.2998046875,4274.10009765625,23520
2025-12-01 16:00:00+00:00,4258.89990234375,4275.7001953125,4223.60009765625,4265.39990234375,16612
2025-12-01 17:00:00+00:00,4265.2001953125,4273.2001953125,4222.89990234375,4259.10009765625,10338
2025-12-01 18:00:00+00:00,4274.2001953125,4278.7998046875,4230.39990234375,4265.5,9476
2025-12-01 19:00:00+00:00,4270.7998046875,4278.0,4239.2998046875,4274.2998046875,5532
2025-12-01 20:00:00+00:00,4270.7998046875,4276.0,4237.10009765625,4270.89990234375,5001
2025-12-01 21:00:00+00:00,4265.0,4274.10009765625,4236.0,4270.7998046875,1818
2025-12-01 23:00:00+00:00,4260.10009765625,4268.7998046875,4230.5,4265.2998046875,0
2025-12-02 00:00:00+00:00,4259.60009765625,4262.89990234375,4254.39990234375,4260.39990234375,3976
2025-12-02 01:00:00+00:00,4251.10009765625,4260.0,4199.7001953125,4259.7001953125,16108
2025-12-02 02:00:00+00:00,4253.0,4255.89990234375,4220.39990234375,4250.7998046875,5094
2025-12-02 03:00:00+00:00,4247.7001953125,4257.39990234375,4219.2001953125,4252.89990234375,5349
2025-12-02 04:00:00+00:00,4249.10009765625,4251.89990234375,4244.39990234375,4247.89990234375,4248
2025-12-02 05:00:00+00:00,4256.5,4256.89990234375,4246.39990234375,4249.7001953125,4954
2025-12-02 06:00:00+00:00,4244.0,4258.10009765625,4234.39990234375,4256.2998046875,8176
2025-12-02 07:00:00+00:00,4244.5,4250.10009765625,4240.60009765625,4244.0,4636
2025-12-02 08:00:00+00:00,4241.39990234375,4248.89990234375,4209.2998046875,4244.7001953125,4981
2025-12-02 09:00:00+00:00,4222.89990234375,4244.39990234375,4188.7001953125,4241.2001953125,12851
2025-12-02 10:00:00+00:00,4216.39990234375,4223.5,4183.7001953125,4222.89990234375,6922
2025-12-02 11:00:00+00:00,4236.0,4236.60009765625,4182.10009765625,4216.2001953125,7085
2025-12-02 12:00:00+00:00,4239.7998046875,4240.5,4200.89990234375,4236.10009765625,5780
2025-12-02 13:00:00+00:00,4243.2001953125,4246.60009765625,4206.10009765625,4239.7998046875,10418
2025-12-02 14:00:00+00:00,4251.10009765625,4262.2001953125,4210.2001953125,4243.10009765625,22189
2025-12-02 15:00:00+00:00,4200.7998046875,4252.0,4181.5,4250.7998046875,36440
2025-12-02 16:00:00+00:00,4215.7001953125,4221.0,4167.0,4200.89990234375,17242
2025-12-02 17:00:00+00:00,4225.0,4228.2001953125,4187.7001953125,4215.2998046875,9670
2025-12-02 18:00:00+00:00,4222.2998046875,4227.7998046875,4214.0,4224.7001953125,9302
2025-12-02 19:00:00+00:00,4227.60009765625,4232.0,4192.5,4222.2998046875,6425
2025-12-02 20:00:00+00:00,4241.60009765625,4244.10009765625,4195.39990234375,4227.60009765625,5970
2025-12-02 21:00:00+00:00,4238.7001953125,4243.39990234375,4206.89990234375,4241.60009765625,0
2025-12-02 23:00:00+00:00,4244.0,4248.0,4234.10009765625,4241.60009765625,3026
2025-12-03 00:00:00+00:00,4243.0,4244.39990234375,4235.7998046875,4244.10009765625,3495
2025-12-03 01:00:00+00:00,4245.2998046875,4252.60009765625,4215.7001953125,4243.2001953125,6487
2025-12-03 02:00:00+00:00,4258.10009765625,4260.10009765625,4215.89990234375,4245.39990234375,5242
2025-12-03 03:00:00+00:00,4252.39990234375,4259.0,4251.2998046875,4258.10009765625,2934
2025-12-03 04:00:00+00:00,4252.60009765625,4256.2998046875,4248.5,4252.5,2604
2025-12-03 05:00:00+00:00,4238.2998046875,4254.7998046875,4233.60009765625,4253.5,7349
2025-12-03 06:00:00+00:00,4238.89990234375,4243.2001953125,4235.5,4238.7998046875,3811
2025-12-03 07:00:00+00:00,4236.10009765625,4241.0,4231.10009765625,4239.10009765625,6515
2025-12-03 08:00:00+00:00,4236.60009765625,4241.2998046875,4202.89990234375,4236.5,6094
2025-12-03 09:00:00+00:00,4233.0,4237.7998046875,4198.89990234375,4236.89990234375,5781
2025-12-03 10:00:00+00:00,4230.7001953125,4235.7998046875,4225.10009765625,4232.89990234375,7394
2025-12-03 11:00:00+00:00,4239.0,4239.60009765625,4195.7001953125,4231.0,4831
2025-12-03 12:00:00+00:00,4244.5,4245.0,4235.2001953125,4239.10009765625,4538
2025-12-03 13:00:00+00:00,4268.7001953125,4270.10009765625,4233.10009765625,4244.5,17110
2025-12-03 14:00:00+00:00,4244.5,4273.2998046875,4221.7001953125,4268.7001953125,25729
2025-12-03 15:00:00+00:00,4247.7998046875,4261.5,4209.0,4243.89990234375,13973
2025-12-03 16:00:00+00:00,4231.89990234375,4256.89990234375,4226.60009765625,4247.60009765625,13377
2025-12-03 17:00:00+00:00,4242.7998046875,4246.89990234375,4210.2998046875,4231.60009765625,8247
2025-12-03 18:00:00+00:00,4228.0,4243.2998046875,4199.2001953125,4243.0,10790
2025-12-03 19:00:00+00:00,4239.39990234375,4241.7001953125,4228.0,4228.39990234375,4621
2025-12-03 20:00:00+00:00,4237.2001953125,4244.5,4234.7001953125,4239.2998046875,3717
2025-12-03 21:00:00+00:00,4232.5,4241.39990234375,4232.5,4237.39990234375,1946
2025-12-03 23:00:00+00:00,4237.0,4239.0,4232.2998046875,4234.5,0
2025-12-04 00:00:00+00:00,4241.2998046875,4245.60009765625,4234.10009765625,4237.10009765625,3037
2025-12-04 01:00:00+00:00,4238.5,4246.89990234375,4211.0,4241.2001953125,6688
2025-12-04 02:00:00+00:00,4229.7998046875,4238.0,4227.89990234375,4238.0,4560
2025-12-04 03:00:00+00:00,4224.39990234375,4230.7001953125,4216.10009765625,4229.2998046875,6364
2025-12-04 04:00:00+00:00,4224.7001953125,4227.7998046875,4221.5,4224.39990234375,2581
2025-12-04 05:00:00+00:00,4210.2998046875,4227.60009765625,4175.0,4225.60009765625,8340
2025-12-04 06:00:00+00:00,4219.10009765625,4219.39990234375,4181.2998046875,4210.2998046875,5809
2025-12-04 07:00:00+00:00,4222.89990234375,4224.0,4184.10009765625,4219.2001953125,5717
2025-12-04 08:00:00+00:00,4213.89990234375,4225.7001953125,4188.89990234375,4222.7001953125,6010
2025-12-04 09:00:00+00:00,4229.5,4231.7998046875,4184.2998046875,4213.7001953125,7205
2025-12-04 10:00:00+00:00,4227.10009765625,4232.2998046875,4226.39990234375,4229.7998046875,5380
2025-12-04 11:00:00+00:00,4228.2001953125,4236.39990234375,4200.2001953125,4227.2998046875,4641
2025-12-04 12:00:00+00:00,4219.89990234375,4231.60009765625,4191.89990234375,4228.39990234375,5231
2025-12-04 13:00:00+00:00,4227.89990234375,4228.2998046875,4214.7998046875,4219.89990234375,10642
2025-12-04 14:00:00+00:00,4231.10009765625,4244.0,4203.2001953125,4228.39990234375,17367
2025-12-04 15:00:00+00:00,4237.60009765625,4240.60009765625,4203.5,4231.2001953125,12570
2025-12-04 16:00:00+00:00,4245.89990234375,4251.10009765625,4210.89990234375,4237.7998046875,15613
2025-12-04 17:00:00+00:00,4246.60009765625,4248.10009765625,4239.0,4246.2001953125,6422
2025-12-04 18:00:00+00:00,4238.5,4247.7998046875,4237.60009765625,4246.7998046875,9423
2025-12-04 19:00:00+00:00,4239.7001953125,4240.89990234375,4202.0,4238.5,5802
2025-12-04 20:00:00+00:00,4240.2001953125,4240.7001953125,4235.89990234375,4239.2998046875,3062
2025-12-04 21:00:00+00:00,4237.89990234375,4240.89990234375,4207.0,4240.2001953125,1123
2025-12-04 23:00:00+00:00,4236.2001953125,4240.2001953125,4233.7001953125,4239.5,0
2025-12-05 00:00:00+00:00,4231.7001953125,4240.60009765625,4231.0,4236.2001953125,3126
2025-12-05 01:00:00+00:00,4232.89990234375,4234.7001953125,4224.60009765625,4231.7001953125,6546
2025-12-05 02:00:00+00:00,4237.0,4237.89990234375,4226.0,4232.89990234375,4700
2025-12-05 03:00:00+00:00,4238.89990234375,4240.39990234375,4204.10009765625,4237.0,4082
2025-12-05 04:00:00+00:00,4246.0,4247.0,4237.10009765625,4238.5,4070
2025-12-05 05:00:00+00:00,4250.7001953125,4252.0,4243.60009765625,4246.39990234375,6199
2025-12-05 06:00:00+00:00,4254.39990234375,4259.5,4248.89990234375,4250.60009765625,7490
2025-12-05 07:00:00+00:00,4254.2998046875,4261.10009765625,4252.5,4254.7998046875,3749
2025-12-05 08:00:00+00:00,4250.7001953125,4257.10009765625,4250.5,4254.60009765625,4253
2025-12-05 09:00:00+00:00,4253.5,4255.2001953125,4245.7998046875,4250.5,4380
2025-12-05 10:00:00+00:00,4252.89990234375,4257.7001953125,4252.39990234375,4253.2998046875,2389
2025-12-05 11:00:00+00:00,4253.5,4255.7001953125,4250.0,4252.7998046875,2632
2025-12-05 12:00:00+00:00,4259.0,4260.0,4252.7998046875,4253.60009765625,5288
2025-12-05 13:00:00+00:00,4264.89990234375,4269.60009765625,4251.39990234375,4259.0,14090
2025-12-05 14:00:00+00:00,4272.2998046875,4277.0,4258.5,4264.7001953125,16244
2025-12-05 15:00:00+00:00,4274.89990234375,4290.5,4245.5,4272.2998046875,25571
2025-12-05 16:00:00+00:00,4244.10009765625,4276.89990234375,4207.39990234375,4275.0,38802
2025-12-05 17:00:00+00:00,4248.39990234375,4251.0,4236.0,4244.0,10239
2025-12-05 18:00:00+00:00,4239.2998046875,4250.2998046875,4236.89990234375,4248.2001953125,9449
2025-12-05 19:00:00+00:00,4237.2998046875,4241.10009765625,4205.10009765625,4239.2998046875,4787
2025-12-05 20:00:00+00:00,4231.60009765625,4237.60009765625,4229.0,4237.60009765625,5054
2025-12-05 21:00:00+00:00,4227.7001953125,4231.7001953125,4194.5,4231.39990234375,3823
2025-12-07 23:00:00+00:00,4230.60009765625,4236.5,4224.5,4228.10009765625,3767
2025-12-08 00:00:00+00:00,4240.2001953125,4241.2998046875,4228.5,4231.2001953125,3031
2025-12-08 01:00:00+00:00,4230.2001953125,4241.2998046875,4205.39990234375,4240.39990234375,6135
2025-12-08 02:00:00+00:00,4236.89990234375,4241.2001953125,4204.7998046875,4229.60009765625,4612
2025-12-08 03:00:00+00:00,4238.7001953125,4241.7998046875,4235.10009765625,4237.2998046875,2865
2025-12-08 04:00:00+00:00,4236.2998046875,4241.89990234375,4235.2998046875,4238.7998046875,1664
2025-12-08 05:00:00+00:00,4246.2998046875,4246.7998046875,4233.2001953125,4237.0,4313
2025-12-08 06:00:00+00:00,4245.39990234375,4247.89990234375,4215.39990234375,4246.60009765625,3129
2025-12-08 07:00:00+00:00,4235.7001953125,4245.7998046875,4208.5,4245.39990234375,3822
2025-12-08 08:00:00+00:00,4239.2001953125,4246.0,4208.89990234375,4235.7998046875,5280
2025-12-08 09:00:00+00:00,4237.39990234375,4242.0,4232.5,4238.89990234375,4425
2025-12-08 10:00:00+00:00,4232.89990234375,4239.89990234375,4203.7998046875,4237.2001953125,3720
2025-12-08 11:00:00+00:00,4237.7001953125,4243.60009765625,4203.39990234375,4233.0,4958
2025-12-08 12:00:00+00:00,4243.2998046875,4245.10009765625,4210.2998046875,4237.60009765625,3606
2025-12-08 13:00:00+00:00,4230.89990234375,4244.39990234375,4202.5,4243.2998046875,9904
2025-12-08 14:00:00+00:00,4225.7998046875,4240.7998046875,4195.2998046875,4230.89990234375,16959
2025-12-08 15:00:00+00:00,4211.7998046875,4225.7998046875,4175.5,4225.2998046875,23192
2025-12-08 16:00:00+00:00,4220.7001953125,4227.0,4205.39990234375,4211.5,12442
2025-12-08 17:00:00+00:00,4224.2001953125,4224.7998046875,4192.0,4220.7998046875,6125
2025-12-08 18:00:00+00:00,4216.10009765625,4225.0,4213.2998046875,4224.2998046875,8936
2025-12-08 19:00:00+00:00,4216.10009765625,4218.2001953125,4182.89990234375,4216.0,4481
2025-12-08 20:00:00+00:00,4221.10009765625,4224.7998046875,4214.0,4216.2001953125,4461
2025-12-08 21:00:00+00:00,4219.89990234375,4222.7001953125,4217.89990234375,4221.2001953125,1228
2025-12-08 23:00:00+00:00,4223.7998046875,4224.5,4217.89990234375,4219.60009765625,0
2025-12-09 00:00:00+00:00,4219.60009765625,4224.89990234375,4190.7001953125,4223.7998046875,3139
2025-12-09 01:00:00+00:00,4225.10009765625,4226.5,4217.7001953125,4219.5,3822
2025-12-09 02:00:00+00:00,4218.7001953125,4226.10009765625,4214.39990234375,4225.0,4748
2025-12-09 03:00:00+00:00,4223.7998046875,4227.60009765625,4218.60009765625,4218.7001953125,5414
2025-12-09 04:00:00+00:00,4216.60009765625,4224.7001953125,4194.10009765625,4223.7001953125,4943
2025-12-09 05:00:00+00:00,4208.2001953125,4216.5,4185.2998046875,4215.89990234375,6027
2025-12-09 06:00:00+00:00,4209.7998046875,4212.0,4197.7998046875,4208.10009765625,9704
2025-12-09 07:00:00+00:00,4209.7001953125,4213.60009765625,4177.7001953125,4209.7998046875,6656
2025-12-09 08:00:00+00:00,4220.2998046875,4220.2998046875,4181.5,4209.89990234375,7717
2025-12-09 09:00:00+00:00,4232.2001953125,4242.2998046875,4191.10009765625,4220.10009765625,14829
2025-12-09 10:00:00+00:00,4233.2001953125,4237.2998046875,4230.39990234375,4232.39990234375,3983
2025-12-09 11:00:00+00:00,4232.10009765625,4235.7998046875,4230.2998046875,4233.2001953125,2515
2025-12-09 12:00:00+00:00,4233.39990234375,4237.0,4198.89990234375,4232.39990234375,3756
2025-12-09 13:00:00+00:00,4230.39990234375,4238.0,4204.7998046875,4233.60009765625,10688
2025-12-09 14:00:00+00:00,4233.89990234375,4240.0,4200.2001953125,4230.60009765625,18576
2025-12-09 15:00:00+00:00,4242.0,4246.0,4198.7001953125,4233.7998046875,21325
2025-12-09 16:00:00+00:00,4242.10009765625,4251.7001953125,4217.7001953125,4242.2998046875,17712
2025-12-09 17:00:00+00:00,4232.10009765625,4246.0,4205.2998046875,4242.39990234375,8030
2025-12-09 18:00:00+00:00,4238.2001953125,4238.7998046875,4230.10009765625,4232.10009765625,7839
2025-12-09 19:00:00+00:00,4241.39990234375,4243.2998046875,4207.7001953125,4237.89990234375,4561
2025-12-09 20:00:00+00:00,4240.7998046875,4245.10009765625,4212.7001953125,4241.10009765625,4138
2025-12-09 21:00:00+00:00,4236.60009765625,4241.7998046875,4235.89990234375,4240.89990234375,0
2025-12-09 23:00:00+00:00,4238.7001953125,4241.2998046875,4209.0,4237.5,1905
2025-12-10 00:00:00+00:00,4236.89990234375,4240.5,4235.2001953125,4239.0,2256
2025-12-10 01:00:00+00:00,4243.10009765625,4247.0,4235.39990234375,4237.2001953125,5500
2025-12-10 02:00:00+00:00,4246.10009765625,4247.89990234375,4240.39990234375,4242.7001953125,2797
2025-12-10 03:00:00+00:00,4235.0,4246.2998046875,4216.60009765625,4246.0,3831
2025-12-10 04:00:00+00:00,4235.89990234375,4238.10009765625,4233.7001953125,4234.89990234375,1862
2025-12-10 05:00:00+00:00,4239.2998046875,4242.60009765625,4229.7001953125,4235.7998046875,4521
2025-12-10 06:00:00+00:00,4235.10009765625,4239.7001953125,4231.0,4239.0,3791
2025-12-10 07:00:00+00:00,4231.2001953125,4237.2001953125,4231.10009765625,4235.2001953125,3681
2025-12-10 08:00:00+00:00,4225.7998046875,4234.7998046875,4224.7998046875,4231.10009765625,6134
2025-12-10 09:00:00+00:00,4221.7998046875,4228.39990234375,4220.2998046875,4225.60009765625,5706
2025-12-10 10:00:00+00:00,4221.0,4224.7998046875,4215.2998046875,4222.0,5904
2025-12-10 11:00:00+00:00,4225.60009765625,4226.0,4220.2998046875,4221.2001953125,3200
2025-12-10 12:00:00+00:00,4224.5,4230.2998046875,4223.39990234375,4225.5,4788
2025-12-10 13:00:00+00:00,4228.7998046875,4233.2998046875,4195.0,4224.60009765625,9435
2025-12-10 14:00:00+00:00,4221.2001953125,4235.2998046875,4219.5,4229.0,12520
2025-12-10 15:00:00+00:00,4222.10009765625,4230.0,4190.7998046875,4221.0,12929
2025-12-10 16:00:00+00:00,4233.2001953125,4233.7998046875,4193.7998046875,4222.10009765625,8141
2025-12-10 17:00:00+00:00,4227.89990234375,4233.10009765625,4200.10009765625,4233.0,5637
2025-12-10 18:00:00+00:00,4221.89990234375,4228.89990234375,4197.5,4227.89990234375,9539
2025-12-10 19:00:00+00:00,4245.7001953125,4249.0,4183.60009765625,4221.7998046875,40074
2025-12-10 20:00:00+00:00,4259.10009765625,4268.7998046875,4233.7998046875,4245.60009765625,22618
2025-12-10 21:00:00+00:00,4258.2998046875,4262.39990234375,4251.0,4259.10009765625,3772
2025-12-10 23:00:00+00:00,4261.60009765625,4263.2998046875,4253.5,4258.2998046875,0
2025-12-11 00:00:00+00:00,4266.5,4274.60009765625,4260.60009765625,4261.7001953125,6624
2025-12-11 01:00:00+00:00,4267.7001953125,4277.7001953125,4262.10009765625,4266.5,8041
2025-12-11 02:00:00+00:00,4250.39990234375,4270.2998046875,4248.60009765625,4267.7998046875,7692
2025-12-11 03:00:00+00:00,4244.60009765625,4253.2001953125,4224.0,4250.2001953125,8855
2025-12-11 04:00:00+00:00,4241.2001953125,4246.2001953125,4235.7001953125,4244.10009765625,4138
2025-12-11 05:00:00+00:00,4235.0,4243.5,4233.39990234375,4240.60009765625,3933
2025-12-11 06:00:00+00:00,4241.5,4242.39990234375,4231.2001953125,4235.2001953125,4290
2025-12-11 07:00:00+00:00,4243.5,4246.10009765625,4214.2998046875,4241.2998046875,4340
2025-12-11 08:00:00+00:00,4244.0,4247.39990234375,4240.0,4243.7001953125,3876
2025-12-11 09:00:00+00:00,4245.60009765625,4248.7998046875,4216.60009765625,4244.0,4605
2025-12-11 10:00:00+00:00,4244.2001953125,4253.89990234375,4239.39990234375,4245.7001953125,5839
2025-12-11 11:00:00+00:00,4238.10009765625,4246.7001953125,4236.60009765625,4244.2998046875,3574
2025-12-11 12:00:00+00:00,4248.0,4248.0,4219.7001953125,4238.10009765625,5151
2025-12-11 13:00:00+00:00,4248.60009765625,4250.7998046875,4217.39990234375,4248.0,13504
2025-12-11 14:00:00+00:00,4257.89990234375,4273.39990234375,4225.0,4248.5,26841
2025-12-11 15:00:00+00:00,4285.2998046875,4291.2001953125,4253.89990234375,4257.89990234375,30001
2025-12-11 16:00:00+00:00,4304.39990234375,4309.39990234375,4255.0,4285.39990234375,24943
2025-12-11 17:00:00+00:00,4309.0,4312.2998046875,4280.0,4304.10009765625,14542
2025-12-11 18:00:00+00:00,4298.60009765625,4317.2998046875,4281.39990234375,4309.2001953125,16879
2025-12-11 19:00:00+00:00,4302.60009765625,4307.0,4292.60009765625,4298.39990234375,8563
2025-12-11 20:00:00+00:00,4304.7998046875,4305.0,4277.0,4302.39990234375,7020
2025-12-11 21:00:00+00:00,4309.2998046875,4313.5,4279.2001953125,4304.89990234375,4156
2025-12-11 23:00:00+00:00,4305.89990234375,4313.10009765625,4302.7001953125,4309.10009765625,0
2025-12-12 00:00:00+00:00,4299.60009765625,4310.0,4298.7001953125,4305.7001953125,3885
2025-12-12 01:00:00+00:00,4302.10009765625,4307.0,4295.5,4299.5,7190
2025-12-12 02:00:00+00:00,4301.10009765625,4307.60009765625,4276.39990234375,4301.89990234375,3110
2025-12-12 03:00:00+00:00,4301.2998046875,4305.2998046875,4299.0,4301.0,2576
2025-12-12 04:00:00+00:00,4299.39990234375,4301.60009765625,4297.10009765625,4301.2998046875,1972
2025-12-12 05:00:00+00:00,4309.7998046875,4311.2998046875,4297.0,4297.5,3543
2025-12-12 06:00:00+00:00,4313.60009765625,4313.89990234375,4306.7998046875,4309.89990234375,3662
2025-12-12 07:00:00+00:00,4317.60009765625,4321.10009765625,4289.0,4313.2001953125,7300
2025-12-12 08:00:00+00:00,4339.10009765625,4340.7001953125,4317.5,4317.5,12563
2025-12-12 09:00:00+00:00,4350.2998046875,4352.2998046875,4315.0,4339.39990234375,12722
2025-12-12 10:00:00+00:00,4365.10009765625,4368.2998046875,4326.60009765625,4350.60009765625,14830
2025-12-12 11:00:00+00:00,4374.2001953125,4376.5,4339.2001953125,4364.89990234375,13399
2025-12-12 12:00:00+00:00,4361.10009765625,4376.7998046875,4335.0,4374.39990234375,10705
2025-12-12 13:00:00+00:00,4375.89990234375,4381.39990234375,4338.5,4361.39990234375,19003
2025-12-12 14:00:00+00:00,4381.5,4387.7998046875,4339.2998046875,4375.7998046875,24771
2025-12-12 15:00:00+00:00,4345.2001953125,4384.5,4308.0,4381.2001953125,42224
