time,open,high,low,close,tick_volume,spread,real_volume
2004-06-11,384.0,384.8,382.8,384.1,303,0,0
2004-06-14,384.3,385.8,381.8,382.8,1954,0,0
2004-06-15,382.8,388.8,381.1,388.6,1995,0,0
2004-06-16,387.1,389.8,382.6,383.8,2106,0,0
2004-06-17,383.6,389.3,383.0,387.6,1638,0,0
2004-06-18,388.6,395.8,385.8,394.3,2323,0,0
2004-06-21,394.3,396.8,392.1,393.1,1759,0,0
2004-06-22,392.8,396.3,392.3,394.1,1515,0,0
2004-06-23,394.0,396.6,392.3,395.6,1889,0,0
2004-06-24,394.0,402.8,393.1,401.1,2077,0,0
2004-06-25,402.0,402.8,400.1,401.1,1681,0,0
2004-06-28,401.8,404.6,398.8,399.8,2196,0,0
2004-06-29,399.8,400.5,390.3,391.3,2234,0,0
2004-06-30,391.5,396.3,391.1,393.3,2199,0,0
2004-07-01,391.6,395.8,391.5,395.0,1796,0,0
2004-07-02,395.1,399.8,391.3,397.8,1583,0,0
2004-07-06,397.8,398.8,388.5,392.1,1109,0,0
2004-07-07,394.1,403.1,394.1,401.8,883,0,0
2004-07-08,401.8,408.6,399.3,407.3,984,0,0
2004-07-09,407.3,407.8,405.0,407.1,857,0,0
2004-07-12,407.3,408.3,405.0,406.6,974,0,0
2004-07-13,407.1,407.3,399.6,403.1,1656,0,0
2004-07-14,400.8,405.8,400.8,404.8,1090,0,0
2004-07-15,404.3,405.1,400.8,403.1,1950,0,0
2004-07-16,403.1,407.1,401.8,406.1,988,0,0
2004-07-19,405.5,407.5,403.8,404.8,925,0,0
2004-07-20,405.0,406.3,398.6,400.8,1812,0,0
2004-07-21,399.3,401.6,393.8,396.1,1974,0,0
2004-07-22,396.0,397.8,392.8,393.3,1968,0,0
2004-07-23,394.3,395.0,386.5,389.3,1964,0,0
2004-07-26,389.3,392.1,388.1,389.8,2050,0,0
2004-07-27,390.5,393.1,385.1,386.6,3118,0,0
2004-07-28,386.1,389.6,384.5,387.3,3281,0,0
2004-07-29,387.3,390.8,385.3,387.1,2610,0,0
2004-07-30,387.1,391.8,386.3,390.5,2866,0,0
2004-08-02,390.3,393.8,390.3,391.1,2014,0,0
2004-08-03,391.3,394.3,388.1,393.1,3280,0,0
2004-08-04,393.8,393.8,389.6,391.8,3123,0,0
2004-08-05,391.3,393.0,389.8,391.8,1953,0,0
2004-08-06,391.8,400.3,390.8,398.8,1952,0,0
2004-08-09,399.1,400.3,397.1,399.8,1508,0,0
2004-08-10,399.6,400.6,397.3,399.1,1490,0,0
2004-08-11,398.1,399.1,392.3,394.6,1671,0,0
2004-08-12,395.1,397.3,392.8,393.3,1894,0,0
2004-08-13,393.5,399.1,391.8,398.1,2880,0,0
2004-08-16,398.3,403.1,397.6,401.3,1629,0,0
2004-08-17,402.1,404.8,399.6,404.8,1191,0,0
2004-08-18,403.8,404.8,401.1,403.8,809,0,0
2004-08-19,403.8,407.5,403.1,406.1,1636,0,0
2004-08-20,406.1,413.8,404.6,412.2,2157,0,0
2004-08-23,411.8,411.8,407.8,409.3,2405,0,0
2004-08-24,409.6,409.6,401.6,401.6,2808,0,0
2004-08-25,401.8,407.6,401.6,406.8,3589,0,0
2004-08-26,406.3,408.8,404.1,406.3,2292,0,0
2004-08-27,406.5,408.5,400.8,402.3,2991,0,0
2004-08-30,402.3,408.6,402.1,408.1,1165,0,0
2004-08-31,406.8,410.8,406.3,409.3,1256,0,0
2004-09-01,409.6,409.8,405.8,407.8,1948,0,0
2004-09-02,407.8,408.3,404.8,405.6,1365,0,0
2004-09-03,405.1,406.3,398.6,399.8,1716,0,0
2004-09-07,400.6,401.6,396.3,397.8,1491,0,0
2004-09-08,397.8,399.8,394.3,399.1,2612,0,0
2004-09-09,398.3,400.3,396.6,397.6,3379,0,0
2004-09-10,397.8,402.3,397.5,402.3,3163,0,0
2004-09-13,401.1,404.3,398.1,403.3,2924,0,0
2004-09-14,403.3,406.6,401.6,405.6,2126,0,0
2004-09-15,405.3,405.5,402.1,404.6,2527,0,0
2004-09-16,403.3,405.3,401.6,403.8,3266,0,0
2004-09-17,403.8,406.6,402.5,405.0,3207,0,0
2004-09-20,404.8,405.3,402.8,404.3,2415,0,0
2004-09-21,404.5,409.7,403.5,409.3,2011,0,0
2004-09-22,408.3,409.3,403.5,406.3,2520,0,0
2004-09-23,406.3,411.6,405.6,410.1,2413,0,0
2004-09-24,410.1,411.0,405.8,407.1,1962,0,0
2004-09-27,407.3,409.6,406.6,408.8,1090,0,0
2004-09-28,408.3,412.6,408.0,411.6,2630,0,0
2004-09-29,411.7,413.7,410.2,412.1,3837,0,0
2004-09-30,412.2,418.6,410.5,417.8,4474,0,0
2004-10-01,417.8,419.3,416.3,419.0,1904,0,0
2004-10-04,418.3,418.8,411.3,418.8,1144,0,0
2004-10-05,413.6,419.3,412.3,418.3,1065,0,0
2004-10-06,418.6,419.8,415.6,417.3,1230,0,0
2004-10-07,418.1,419.7,416.7,417.1,3485,0,0
2004-10-08,417.3,423.3,416.8,422.3,892,0,0
2004-10-11,422.5,422.6,420.6,421.6,988,0,0
2004-10-12,421.3,422.1,412.6,414.8,1273,0,0
2004-10-13,414.8,416.1,409.1,415.3,1736,0,0
2004-10-14,415.1,418.5,413.8,417.3,1812,0,0
2004-10-15,417.3,420.8,417.2,418.3,1324,0,0
2004-10-18,418.1,419.8,415.3,415.3,1414,0,0
2004-10-19,415.3,420.2,414.3,419.3,1646,0,0
2004-10-20,419.3,425.5,419.3,423.1,1283,0,0
2004-10-21,423.1,425.8,421.5,423.3,1583,0,0
2004-10-22,423.8,424.7,421.5,423.7,1291,0,0
2004-10-25,426.0,430.2,426.0,427.8,1595,0,0
2004-10-26,428.3,428.6,424.3,426.3,1370,0,0
2004-10-27,426.1,428.3,422.8,423.8,1492,0,0
2004-10-28,423.3,426.8,420.3,423.8,1717,0,0
2004-10-29,424.3,428.3,423.3,428.1,1598,0,0
2004-11-01,429.6,430.1,425.7,426.8,1398,0,0
2004-11-02,426.6,427.0,416.8,421.1,1441,0,0
2004-11-03,420.7,426.8,418.8,426.3,1498,0,0
2004-11-04,426.6,432.6,425.3,429.1,1464,0,0
2004-11-05,429.1,433.6,424.5,433.1,1685,0,0
2004-11-08,433.6,434.8,430.7,431.6,1260,0,0
2004-11-09,432.1,436.2,430.8,434.8,1521,0,0
2004-11-10,434.3,437.6,432.0,433.3,1540,0,0
2004-11-11,432.3,435.1,431.6,434.1,1105,0,0
2004-11-12,433.8,438.5,433.8,437.3,1595,0,0
2004-11-15,438.3,439.8,435.2,436.0,1488,0,0
2004-11-16,435.8,440.3,434.8,439.3,2317,0,0
2004-11-17,438.1,444.6,438.0,444.1,2320,0,0
2004-11-18,444.6,445.7,439.7,441.6,1270,0,0
2004-11-19,441.8,447.8,441.3,446.6,1460,0,0
2004-11-22,446.3,448.5,445.6,448.3,873,0,0
2004-11-23,448.3,449.2,445.5,447.1,1086,0,0
2004-11-24,446.8,449.1,446.7,448.8,1401,0,0
2004-11-26,453.6,454.8,449.0,451.3,365,0,0
2004-11-29,451.3,454.3,449.0,452.8,1093,0,0
2004-11-30,452.6,453.3,447.6,450.3,1695,0,0
2004-12-01,450.7,455.2,449.8,453.8,1350,0,0
2004-12-02,454.3,456.3,446.6,448.3,1330,0,0
2004-12-06,455.1,455.8,450.5,451.8,1018,0,0
2004-12-07,451.6,454.6,449.8,450.3,1581,0,0
2004-12-08,449.8,450.1,432.8,439.7,2771,0,0
2004-12-09,439.3,440.8,431.5,436.8,4139,0,0
2004-12-10,437.0,437.0,431.5,433.7,1237,0,0
2004-12-13,434.3,439.6,434.1,438.8,1009,0,0
2004-12-14,438.6,439.1,434.5,435.0,1237,0,0
2004-12-15,435.6,441.0,434.8,440.8,1104,0,0
2004-12-16,440.6,442.3,435.1,436.6,1696,0,0
2004-12-17,436.8,441.5,436.8,441.0,1319,0,0
2004-12-20,441.3,443.6,440.3,442.1,746,0,0
2004-12-21,441.8,443.1,440.1,441.1,811,0,0
2004-12-22,441.2,442.6,438.3,439.2,857,0,0
2004-12-23,439.3,442.1,439.2,441.8,752,0,0
2004-12-27,442.6,445.1,441.8,443.8,569,0,0
2004-12-28,444.3,445.1,442.3,443.3,653,0,0
2004-12-29,443.1,443.6,433.1,435.8,1900,0,0
2004-12-30,435.7,438.3,433.3,437.5,999,0,0
2005-01-03,437.1,437.3,426.7,428.5,1354,0,0
2005-01-04,429.3,429.5,423.7,426.8,1654,0,0
2005-01-05,425.3,428.0,424.8,426.1,1394,0,0
2005-01-06,426.1,427.1,420.0,420.8,1220,0,0
2005-01-07,421.7,424.5,416.5,418.6,1546,0,0
2005-01-10,419.1,421.3,418.3,419.3,1174,0,0
2005-01-11,419.5,422.3,419.0,421.6,1906,0,0
2005-01-12,422.0,427.3,420.1,425.8,2465,0,0
2005-01-13,425.8,426.5,422.7,424.5,1730,0,0
2005-01-14,425.1,425.2,420.1,422.6,1842,0,0
2005-01-17,421.8,422.6,421.0,421.2,129,0,0
2005-01-18,421.3,423.3,420.8,422.5,820,0,0
2005-01-19,422.7,426.6,421.5,422.6,2086,0,0
2005-01-20,422.3,422.7,419.6,421.7,1720,0,0
2005-01-21,421.5,427.8,420.6,426.7,2151,0,0
2005-01-24,426.5,427.6,426.0,426.8,1221,0,0
2005-01-25,426.8,427.3,420.3,421.6,2248,0,0
2005-01-26,421.5,427.3,420.8,426.1,1922,0,0
2005-01-27,426.0,427.6,423.6,426.0,1667,0,0
2005-01-28,426.1,427.2,423.5,426.5,1816,0,0
2005-01-31,425.5,425.5,419.2,422.1,2402,0,0
2005-02-01,422.1,422.1,419.1,420.5,1833,0,0
2005-02-02,420.8,422.3,419.6,421.3,1373,0,0
2005-02-03,420.8,421.2,414.2,416.8,2044,0,0
2005-02-04,416.7,417.3,413.3,414.2,1878,0,0
2005-02-07,413.8,415.7,412.2,413.0,1970,0,0
2005-02-08,412.7,413.8,410.2,412.3,2039,0,0
2005-02-09,412.2,413.3,409.8,412.8,1644,0,0
2005-02-10,413.1,418.3,411.3,417.2,2334,0,0
2005-02-11,416.8,421.6,415.8,420.3,1958,0,0
2005-02-14,420.5,425.8,420.5,425.3,2420,0,0
2005-02-15,424.7,426.8,423.2,424.8,2330,0,0
2005-02-16,424.8,425.5,421.6,424.7,2214,0,0
2005-02-17,424.1,428.1,423.7,426.6,1972,0,0
2005-02-18,426.2,427.7,425.3,426.8,1578,0,0
2005-02-22,430.1,435.5,429.8,434.8,2080,0,0
2005-02-23,434.3,435.3,431.2,433.3,2204,0,0
2005-02-24,433.1,436.3,431.8,433.2,2116,0,0
2005-02-25,432.8,435.2,430.6,434.8,2025,0,0
2005-02-28,434.6,437.7,434.5,435.0,2242,0,0
2005-03-01,435.0,435.1,430.3,431.8,2181,0,0
2005-03-02,432.1,433.2,428.3,432.6,1317,0,0
2005-03-03,431.8,433.1,428.6,429.2,1691,0,0
2005-03-04,429.2,434.8,428.7,433.8,2197,0,0
2005-03-07,433.8,434.8,431.8,434.0,1477,0,0
2005-03-08,434.3,440.3,433.8,440.0,756,0,0
2005-03-09,439.8,442.1,438.5,440.1,1399,0,0
2005-03-10,439.7,442.3,439.5,441.6,1084,0,0
2005-03-11,441.8,446.6,439.6,444.3,950,0,0
2005-03-14,444.8,444.8,439.6,440.0,1051,0,0
2005-03-15,440.1,443.8,439.2,440.2,924,0,0
2005-03-16,440.1,443.5,439.3,442.7,1040,0,0
2005-03-17,442.6,443.6,437.1,438.3,1014,0,0
2005-03-18,438.5,439.3,435.5,438.8,924,0,0
2005-03-21,439.2,439.2,428.7,430.8,994,0,0
2005-03-22,431.1,432.1,425.6,426.3,1262,0,0
2005-03-23,425.8,428.2,423.5,424.8,1520,0,0
2005-03-24,424.7,426.0,423.6,423.8,1494,0,0
2005-03-28,424.3,426.1,423.1,425.8,503,0,0
2005-03-29,425.5,427.3,425.1,425.3,1053,0,0
2005-03-30,425.2,427.6,424.8,425.3,1854,0,0
2005-03-31,425.3,428.5,425.2,427.8,1509,0,0
2005-04-01,427.7,428.3,424.0,425.1,1659,0,0
2005-04-04,425.1,426.2,421.8,423.3,1657,0,0
2005-04-05,423.3,425.1,422.0,424.0,1507,0,0
2005-04-06,424.1,426.8,423.3,426.3,1566,0,0
2005-04-07,425.7,428.0,424.7,425.3,1724,0,0
2005-04-08,424.8,427.0,423.8,426.1,1335,0,0
2005-04-11,425.8,429.3,425.3,427.5,1592,0,0
2005-04-12,427.8,429.6,425.7,427.7,1574,0,0
2005-04-13,427.8,429.0,426.3,428.1,1843,0,0
2005-04-14,428.3,428.8,421.8,423.8,1821,0,0
2005-04-15,422.8,425.3,421.7,423.8,1737,0,0
2005-04-18,424.0,427.6,422.8,426.5,1170,0,0
2005-04-19,426.3,433.5,425.7,433.1,1830,0,0
2005-04-20,433.1,435.2,431.0,433.5,1612,0,0
2005-04-21,433.6,434.7,431.2,431.8,1668,0,0
2005-04-22,432.5,435.0,431.2,433.7,1389,0,0
2005-04-25,433.7,434.3,431.7,433.8,1514,0,0
2005-04-26,433.6,437.2,433.5,436.1,1594,0,0
2005-04-27,436.3,436.3,431.1,431.8,1751,0,0
2005-04-28,431.8,433.3,429.8,430.6,1705,0,0
2005-04-29,430.8,436.3,430.3,434.0,1710,0,0
2005-05-02,433.8,434.1,427.8,428.7,1528,0,0
2005-05-03,428.3,429.6,425.3,426.8,1738,0,0
2005-05-04,426.0,429.3,425.8,428.3,1740,0,0
2005-05-05,429.5,430.8,427.3,429.6,2048,0,0
2005-05-06,429.8,430.7,423.2,425.3,1674,0,0
2005-05-09,425.3,425.8,423.8,425.3,2287,0,0
2005-05-10,425.5,427.5,425.3,425.8,1919,0,0
2005-05-11,425.8,428.0,424.6,426.6,3041,0,0
2005-05-12,426.6,426.7,420.0,420.8,1952,0,0
2005-05-13,420.8,422.1,418.2,419.3,1865,0,0
2005-05-16,419.8,420.2,417.6,418.7,1633,0,0
2005-05-17,419.0,420.8,417.7,417.8,1773,0,0
2005-05-18,418.3,421.3,418.0,420.8,2285,0,0
2005-05-19,420.6,422.8,418.7,420.1,1553,0,0
2005-05-20,420.3,420.7,416.3,417.1,807,0,0
2005-05-23,417.2,417.8,415.8,416.3,1310,0,0
2005-05-24,417.0,418.8,415.3,417.7,1623,0,0
2005-05-25,417.3,419.1,416.2,418.3,1499,0,0
2005-05-26,418.1,419.6,416.1,417.0,1694,0,0
2005-05-27,417.1,419.8,416.8,419.6,981,0,0
2005-05-31,417.1,417.3,413.3,416.8,560,0,0
2005-06-01,416.6,417.3,414.2,414.5,869,0,0
2005-06-02,416.1,423.1,415.8,421.3,1066,0,0
2005-06-03,421.5,424.3,421.2,421.8,855,0,0
2005-06-06,422.3,426.8,422.1,425.6,1033,0,0
2005-06-07,425.6,427.1,423.8,424.1,726,0,0
2005-06-08,424.1,426.1,422.6,423.2,706,0,0
2005-06-09,423.0,424.5,420.6,423.2,729,0,0
2005-06-10,423.3,427.8,421.7,426.6,941,0,0
2005-06-13,425.8,430.2,423.5,428.2,1010,0,0
2005-06-14,427.7,427.7,426.0,426.3,625,0,0
2005-06-15,426.6,429.5,425.5,428.3,704,0,0
2005-06-16,428.1,435.8,427.8,435.1,989,0,0
2005-06-17,435.3,438.8,435.0,437.1,1033,0,0
2005-06-20,437.0,440.8,436.8,437.6,720,0,0
2005-06-21,437.3,438.5,433.6,438.0,836,0,0
2005-06-22,438.1,438.6,435.8,437.7,644,0,0
2005-06-23,437.8,441.8,435.3,440.6,1032,0,0
2005-06-24,440.3,443.2,437.8,439.3,960,0,0
2005-06-27,439.3,439.8,438.1,439.3,632,0,0
2005-06-28,439.1,439.5,434.8,435.1,749,0,0
2005-06-29,435.3,437.8,433.5,436.6,692,0,0
2005-06-30,436.8,438.3,434.3,434.5,865,0,0
2005-07-01,434.2,436.2,426.3,426.8,821,0,0
2005-07-04,427.2,427.6,425.8,426.5,121,0,0
2005-07-05,426.5,426.5,421.3,423.2,695,0,0
2005-07-06,423.3,424.3,422.8,423.2,569,0,0
2005-07-07,423.2,428.3,421.5,424.0,894,0,0
2005-07-08,424.1,424.5,421.6,422.6,670,0,0
2005-07-11,423.3,426.1,423.2,425.3,659,0,0
2005-07-12,425.8,427.3,424.5,426.3,902,0,0
2005-07-13,426.3,427.1,422.8,423.6,690,0,0
2005-07-14,423.6,424.2,418.6,419.2,1023,0,0
2005-07-15,419.2,421.1,417.8,421.1,804,0,0
2005-07-18,421.3,422.3,419.8,420.6,560,0,0
2005-07-19,420.8,421.6,418.5,419.6,706,0,0
2005-07-20,419.8,422.8,419.6,422.8,666,0,0
2005-07-21,422.5,425.3,422.5,425.3,654,0,0
2005-07-22,425.8,426.5,423.8,424.5,620,0,0
2005-07-25,424.7,426.5,423.8,425.3,742,0,0
2005-07-26,425.3,425.6,422.0,422.8,896,0,0
2005-07-27,423.0,425.3,421.5,425.1,718,0,0
2005-07-28,424.5,428.8,424.1,427.6,877,0,0
2005-07-29,427.5,430.3,426.8,429.3,877,0,0
2005-08-01,429.2,432.1,428.6,431.3,941,0,0
2005-08-02,431.3,432.8,430.6,431.6,815,0,0
2005-08-03,432.45,437.1,431.1,436.2,1128,0,0
2005-08-04,436.3,438.8,435.1,437.0,1279,0,0
2005-08-05,437.0,438.8,436.5,436.8,920,0,0
2005-08-08,436.7,437.3,433.8,434.6,978,0,0
2005-08-09,434.3,435.3,432.6,434.6,738,0,0
2005-08-10,434.5,437.1,434.0,436.8,676,0,0
2005-08-11,437.0,446.8,436.8,445.3,1148,0,0
2005-08-12,446.0,449.1,443.5,445.7,966,0,0
2005-08-15,445.7,445.7,440.8,442.3,696,0,0
2005-08-16,441.8,446.5,440.0,445.8,962,0,0
2005-08-17,445.3,445.7,437.8,440.3,1068,0,0
2005-08-18,439.8,442.0,437.5,439.3,918,0,0
2005-08-19,438.2,440.2,435.6,435.8,865,0,0
2005-08-22,436.1,440.2,435.5,437.6,824,0,0
2005-08-23,437.7,440.0,437.5,438.7,912,0,0
2005-08-24,439.2,440.3,435.3,437.0,969,0,0
2005-08-25,437.1,439.5,436.8,437.8,721,0,0
2005-08-26,438.0,439.6,436.0,437.2,680,0,0
2005-08-29,438.1,440.2,436.0,436.1,691,0,0
2005-08-30,436.2,437.1,429.0,431.2,1033,0,0
2005-08-31,431.0,435.0,430.6,434.6,743,0,0
2005-09-01,434.8,444.8,434.3,442.8,932,0,0
2005-09-02,442.5,446.8,441.6,443.8,658,0,0
2005-09-06,444.2,445.7,442.5,443.3,840,0,0
2005-09-07,443.3,445.6,442.3,444.3,1224,0,0
2005-09-08,444.2,449.3,443.3,446.7,795,0,0
2005-09-09,446.5,449.3,445.6,448.3,1609,0,0
2005-09-12,449.8,451.3,446.6,449.2,2613,0,0
2005-09-13,448.5,449.3,444.5,445.8,1429,0,0
2005-09-14,446.1,450.3,446.0,450.3,832,0,0
2005-09-15,449.6,455.3,448.1,455.3,1018,0,0
2005-09-16,454.8,459.8,453.8,459.3,1021,0,0
2005-09-19,458.8,468.1,458.2,463.8,1068,0,0
2005-09-20,463.6,470.6,463.3,464.1,1178,0,0
2005-09-21,465.1,472.3,463.6,471.6,1423,0,0
2005-09-22,472.3,475.0,462.8,465.2,1775,0,0
2005-09-23,465.3,466.1,460.5,462.8,1176,0,0
2005-09-26,462.2,467.1,458.6,466.1,1254,0,0
2005-09-27,466.1,466.1,457.6,462.7,1427,0,0
2005-09-28,462.8,469.8,460.8,468.7,1084,0,0
2005-09-29,469.0,473.3,467.8,471.3,1152,0,0
2005-09-30,471.3,474.1,467.3,468.8,1264,0,0
2005-10-03,467.3,468.3,463.6,465.3,849,0,0
2005-10-04,465.1,469.1,464.1,465.8,1084,0,0
2005-10-05,466.1,466.6,462.8,464.8,1042,0,0
2005-10-06,464.6,473.6,464.1,473.3,1365,0,0
2005-10-07,473.1,475.6,469.6,474.3,1239,0,0
2005-10-10,473.8,478.3,472.1,475.1,858,0,0
2005-10-11,474.8,478.2,474.1,475.3,1338,0,0
2005-10-12,475.3,480.0,469.7,470.8,1671,0,0
2005-10-13,471.7,473.8,467.3,471.2,1385,0,0
2005-10-14,471.2,471.6,465.3,469.2,1619,0,0
2005-10-17,469.0,475.0,468.8,473.6,1053,0,0
2005-10-18,473.8,474.2,470.3,471.1,982,0,0
2005-10-19,470.8,471.3,461.6,464.0,1503,0,0
2005-10-20,464.1,464.6,459.5,460.8,1297,0,0
2005-10-21,460.8,466.8,460.3,466.3,1062,0,0
2005-10-24,465.6,468.3,462.8,464.5,978,0,0
2005-10-25,465.2,473.2,464.0,472.1,1153,0,0
2005-10-26,472.2,474.0,470.1,470.6,1194,0,0
2005-10-27,470.2,475.5,469.8,473.1,1124,0,0
2005-10-28,473.3,474.3,469.3,472.1,1211,0,0
2005-10-31,472.3,472.8,464.6,465.2,1139,0,0
2005-11-01,465.6,466.3,457.7,459.0,1228,0,0
2005-11-02,459.7,463.5,459.3,462.6,1030,0,0
2005-11-03,462.7,464.8,458.5,460.7,1092,0,0
2005-11-04,460.8,464.0,454.8,456.3,1138,0,0
2005-11-07,456.7,459.3,455.8,458.8,945,0,0
2005-11-08,458.8,462.2,456.2,460.7,1039,0,0
2005-11-09,460.2,467.6,460.1,466.1,1288,0,0
2005-11-10,466.8,469.6,465.1,465.8,1082,0,0
2005-11-11,465.3,468.6,464.6,468.2,770,0,0
2005-11-14,468.7,470.3,466.3,467.2,893,0,0
2005-11-15,467.3,469.5,466.1,468.3,986,0,0
2005-11-16,468.6,478.8,467.8,478.7,1102,0,0
2005-11-17,479.6,486.7,477.5,485.1,1718,0,0
2005-11-18,485.2,488.6,482.8,484.8,2070,0,0
2005-11-21,484.8,491.5,484.3,490.8,1051,0,0
2005-11-22,491.3,495.0,489.3,493.2,1377,0,0
2005-11-23,491.6,493.1,487.1,491.6,983,0,0
2005-11-28,498.1,498.8,492.8,498.3,775,0,0
2005-11-29,498.7,502.2,494.3,498.5,1325,0,0
2005-12-01,491.5,504.2,490.3,503.8,1461,0,0
2005-12-02,504.3,506.3,499.8,502.8,1394,0,0
2005-12-05,503.8,509.6,503.5,508.5,1170,0,0
2005-12-06,510.3,511.2,503.8,510.7,1299,0,0
2005-12-07,508.8,516.2,508.3,514.7,1303,0,0
2005-12-08,514.7,520.7,512.2,520.2,1290,0,0
2005-12-09,520.7,530.2,519.2,525.7,1289,0,0
2005-12-12,528.2,540.5,526.2,527.2,1830,0,0
2005-12-13,526.2,529.2,517.1,517.1,1908,0,0
2005-12-14,513.7,516.0,504.6,505.1,1949,0,0
2005-12-15,502.5,508.8,499.5,501.2,1418,0,0
2005-12-16,497.7,507.0,492.8,502.7,1873,0,0
2005-12-19,501.3,508.8,500.8,503.5,1253,0,0
2005-12-20,503.6,507.8,491.3,492.1,1806,0,0
2005-12-21,490.5,494.8,489.3,494.3,1395,0,0
2005-12-22,495.0,504.2,493.2,504.0,1475,0,0
2005-12-23,502.6,505.8,499.7,502.3,879,0,0
2005-12-27,505.8,508.0,504.8,507.1,761,0,0
2005-12-28,508.5,517.6,508.2,516.5,1266,0,0
2005-12-29,516.7,517.5,510.3,515.5,1317,0,0
2005-12-30,513.7,517.2,511.6,516.5,805,0,0
2006-01-02,516.8,516.8,516.3,516.3,2,0,0
2006-01-03,519.2,534.6,518.5,533.6,1078,0,0
2006-01-04,534.6,535.2,525.1,533.6,1772,0,0
2006-01-05,534.0,534.0,522.1,524.7,1586,0,0
2006-01-06,524.0,539.7,522.7,539.2,1330,0,0
2006-01-09,539.2,551.1,535.0,547.7,1907,0,0
2006-01-10,548.0,548.5,539.0,542.0,2471,0,0
2006-01-11,542.2,549.2,539.2,548.2,2149,0,0
2006-01-12,549.2,549.2,541.7,545.0,2078,0,0
2006-01-13,544.2,557.2,544.2,556.7,1598,0,0
2006-01-17,558.2,560.1,551.6,554.2,1800,0,0
2006-01-18,555.7,557.0,542.1,542.5,2755,0,0
2006-01-19,540.5,558.7,540.2,557.2,3308,0,0
2006-01-20,560.7,567.6,552.1,554.0,2518,0,0
2006-01-23,551.5,560.2,549.0,558.6,1911,0,0
2006-01-24,559.0,559.2,552.7,558.0,1826,0,0
2006-01-25,557.7,566.1,556.7,562.7,1603,0,0
2006-01-26,562.5,562.5,554.2,559.7,1294,0,0
2006-01-27,557.7,564.2,555.1,559.0,1099,0,0
2006-01-30,557.7,568.7,557.5,568.1,1069,0,0
2006-01-31,568.5,572.2,565.7,568.7,1457,0,0
2006-02-01,569.2,571.2,563.0,569.5,1616,0,0
2006-02-02,567.7,574.7,567.7,571.7,1402,0,0
2006-02-03,571.6,573.6,564.7,568.2,1184,0,0
2006-02-06,568.2,573.2,567.7,568.6,972,0,0
2006-02-07,568.2,571.2,546.2,548.7,1927,0,0
2006-02-08,548.7,552.6,544.7,549.6,1843,0,0
2006-02-09,552.5,566.5,552.5,564.7,1824,0,0
2006-02-10,567.7,568.2,546.2,550.5,1812,0,0
2006-02-13,548.6,551.2,538.1,540.0,1511,0,0
2006-02-14,537.6,547.5,534.6,547.0,1509,0,0
2006-02-15,547.2,547.6,535.7,539.5,1622,0,0
2006-02-16,537.7,549.0,535.2,548.7,1668,0,0
2006-02-17,547.6,554.0,543.7,551.6,1008,0,0
2006-02-21,552.2,555.7,551.0,553.7,822,0,0
2006-02-22,553.7,555.6,547.1,555.5,1040,0,0
2006-02-23,554.1,554.5,547.6,549.1,1039,0,0
2006-02-24,547.0,559.5,547.0,558.5,822,0,0
2006-02-27,558.5,558.5,551.7,553.1,892,0,0
2006-02-28,552.7,562.2,552.6,562.0,829,0,0
2006-03-01,562.1,566.1,559.7,562.5,885,0,0
2006-03-02,561.7,570.7,561.2,569.2,907,0,0
2006-03-03,568.7,570.2,564.2,564.7,668,0,0
2006-03-06,566.1,568.0,551.5,554.5,855,0,0
2006-03-07,553.7,558.2,548.1,552.1,948,0,0
2006-03-08,553.0,553.7,538.0,542.5,1107,0,0
2006-03-09,538.2,550.0,538.0,545.5,791,0,0
2006-03-10,544.7,546.6,533.7,540.5,762,0,0
2006-03-13,540.0,546.2,540.0,545.2,705,0,0
2006-03-14,546.2,552.0,538.2,550.5,776,0,0
2006-03-15,550.6,556.7,549.7,552.6,776,0,0
2006-03-16,552.1,556.2,547.0,554.7,904,0,0
2006-03-17,554.5,557.1,551.6,553.6,598,0,0
2006-03-20,554.2,556.0,550.0,553.5,608,0,0
2006-03-21,553.6,556.0,546.7,551.7,839,0,0
2006-03-22,551.7,553.1,546.7,550.2,694,0,0
2006-03-23,550.5,551.0,544.7,549.6,652,0,0
2006-03-24,549.2,560.7,548.2,559.6,573,0,0
2006-03-27,559.5,568.2,558.2,566.7,702,0,0
2006-03-28,566.5,569.0,562.0,563.6,824,0,0
2006-03-29,563.2,573.7,560.0,572.7,850,0,0
2006-03-30,573.0,589.1,571.0,588.0,1397,0,0
2006-03-31,587.5,588.6,578.6,583.5,1208,0,0
2006-04-03,572.2,591.2,572.2,587.7,791,0,0
2006-04-04,587.6,589.7,584.2,585.6,948,0,0
2006-04-05,585.6,589.2,581.7,588.5,889,0,0
2006-04-06,588.0,596.5,587.0,595.6,1030,0,0
2006-04-07,595.1,597.7,584.7,588.3,1005,0,0
2006-04-10,588.3,599.7,588.0,599.7,952,0,0
2006-04-11,599.6,603.7,592.5,593.2,1172,0,0
2006-04-12,593.7,599.7,593.2,597.7,1061,0,0
2006-04-13,597.5,598.2,590.2,596.0,833,0,0
2006-04-17,605.5,615.2,603.2,613.5,883,0,0
2006-04-18,613.2,622.2,612.0,621.2,1112,0,0
2006-04-19,621.6,642.1,621.0,639.0,1636,0,0
2006-04-20,639.2,645.2,607.5,613.2,1692,0,0
2006-04-21,613.1,634.2,610.1,633.5,1109,0,0
2006-04-24,638.5,639.5,619.0,619.6,1190,0,0
2006-04-25,619.7,634.6,618.2,630.2,939,0,0
2006-04-26,629.0,640.7,628.0,638.7,954,0,0
2006-04-27,639.6,643.2,627.5,633.2,1264,0,0
2006-04-28,633.6,655.5,633.6,653.7,1264,0,0
2006-05-01,654.1,661.1,650.7,654.5,1802,0,0
2006-05-02,654.2,669.1,652.5,668.7,1083,0,0
2006-05-03,668.7,677.0,657.7,664.0,1429,0,0
2006-05-04,662.7,680.2,660.7,679.7,1619,0,0
2006-05-05,678.7,684.2,674.7,683.2,1110,0,0
2006-05-08,680.7,686.1,670.5,678.2,1364,0,0
2006-05-09,679.7,700.6,677.7,699.7,1315,0,0
2006-05-10,700.5,709.2,693.2,708.7,1495,0,0
2006-05-11,707.5,726.2,704.2,713.7,1753,0,0
2006-05-12,712.6,729.7,707.7,714.2,1673,0,0
2006-05-15,712.7,719.7,676.1,679.5,3968,0,0
2006-05-16,678.1,692.7,674.5,687.7,2912,0,0
2006-05-17,686.1,716.5,684.7,686.7,2937,0,0
2006-05-18,687.7,694.1,678.2,684.7,3413,0,0
2006-05-19,683.0,688.2,650.6,657.2,3077,0,0
2006-05-22,655.1,660.6,636.1,655.3,2015,0,0
2006-05-23,656.7,674.5,650.7,666.1,2431,0,0
2006-05-24,665.7,669.6,635.6,642.1,2457,0,0
2006-05-25,642.1,651.2,638.0,649.6,2017,0,0
2006-05-26,651.1,655.0,640.0,651.2,1395,0,0
2006-05-30,651.5,664.6,650.7,652.5,1272,0,0
2006-05-31,652.2,659.5,638.2,642.7,3179,0,0
2006-06-01,643.1,645.2,620.7,628.5,2254,0,0
2006-06-02,629.1,638.7,618.7,637.7,1460,0,0
2006-06-05,638.5,645.1,634.5,634.7,2558,0,0
2006-06-06,634.7,639.0,625.2,629.6,3050,0,0
2006-06-07,629.6,630.7,616.5,626.7,3420,0,0
2006-06-08,626.6,626.7,607.1,613.2,3180,0,0
2006-06-09,613.5,617.1,600.6,607.1,2907,0,0
2006-06-12,604.7,611.2,602.2,604.2,1405,0,0
2006-06-13,604.1,604.1,560.5,565.5,1944,0,0
2006-06-14,564.5,570.7,542.5,558.2,3561,0,0
2006-06-15,559.7,578.2,553.7,576.2,3512,0,0
2006-06-16,574.5,584.2,566.6,580.6,3732,0,0
2006-06-19,579.0,579.0,563.7,565.5,2524,0,0
2006-06-20,564.7,577.2,560.7,575.0,1286,0,0
2006-06-21,574.7,590.2,570.5,586.5,1381,0,0
2006-06-22,588.1,594.7,578.7,580.6,1255,0,0
2006-06-23,580.6,586.0,571.7,583.0,1359,0,0
2006-06-26,584.0,587.5,577.5,585.0,1072,0,0
2006-06-27,584.2,595.5,578.2,579.2,1411,0,0
2006-06-28,579.7,586.0,576.7,579.5,1072,0,0
2006-06-29,580.5,600.0,579.7,598.7,1076,0,0
2006-06-30,598.1,616.0,596.7,615.2,973,0,0
2006-07-03,617.0,624.7,614.1,623.0,412,0,0
2006-07-04,623.5,623.6,620.7,620.7,17,0,0
2006-07-05,626.0,629.2,617.7,627.1,934,0,0
2006-07-06,627.7,634.6,622.0,633.0,958,0,0
2006-07-07,633.2,637.0,627.2,628.7,1051,0,0
2006-07-10,628.5,632.0,620.2,623.2,908,0,0
2006-07-11,623.1,643.2,621.2,640.2,1016,0,0
2006-07-12,640.5,655.0,639.2,650.2,1266,0,0
2006-07-13,650.7,665.2,644.6,663.8,1251,0,0
2006-07-14,665.0,667.2,659.0,663.6,1101,0,0
2006-07-17,670.1,676.0,640.6,642.6,1263,0,0
2006-07-18,643.5,654.0,627.6,630.5,1271,0,0
2006-07-19,632.5,645.6,617.2,642.2,1238,0,0
2006-07-20,643.2,644.7,627.2,628.6,1160,0,0
2006-07-21,629.5,636.6,615.7,619.2,1597,0,0
2006-07-24,618.1,620.2,602.1,615.0,1247,0,0
2006-07-25,616.0,623.7,609.7,618.6,961,0,0
2006-07-26,618.6,627.2,613.1,623.0,969,0,0
2006-07-27,624.2,640.2,623.5,634.1,1035,0,0
2006-07-28,633.7,637.2,626.2,634.2,919,0,0
2006-07-31,637.0,639.1,629.0,635.7,873,0,0
2006-08-01,635.2,648.0,630.2,647.5,1037,0,0
2006-08-02,646.1,655.5,644.7,651.2,993,0,0
2006-08-03,651.0,652.6,639.2,644.7,888,0,0
2006-08-04,646.2,653.7,643.2,646.0,963,0,0
2006-08-07,646.0,651.6,645.2,648.2,822,0,0
2006-08-08,647.6,648.7,640.5,642.0,809,0,0
2006-08-09,641.2,654.6,635.1,650.5,1017,0,0
2006-08-10,651.0,653.5,633.7,637.2,1106,0,0
2006-08-11,636.2,644.7,626.2,632.0,982,0,0
2006-08-14,628.7,632.7,623.2,626.2,1107,0,0
2006-08-15,626.1,628.0,621.2,624.5,821,0,0
2006-08-16,624.6,632.2,623.5,628.5,831,0,0
2006-08-17,629.1,631.6,612.7,613.2,847,0,0
2006-08-18,614.7,618.7,607.0,614.2,1048,0,0
2006-08-21,614.7,629.2,613.2,627.5,855,0,0
2006-08-22,627.7,628.2,620.6,623.0,910,0,0
2006-08-23,624.1,630.0,620.5,621.1,944,0,0
2006-08-24,621.2,626.2,618.2,620.7,950,0,0
2006-08-25,620.0,623.7,617.5,622.0,923,0,0
2006-08-28,623.0,623.5,612.6,613.7,813,0,0
2006-08-29,613.2,617.6,607.2,614.0,1099,0,0
2006-08-30,614.2,620.2,612.2,618.7,853,0,0
2006-08-31,618.1,627.1,618.1,624.6,1000,0,0
2006-09-01,626.0,627.5,619.7,624.7,744,0,0
2006-09-05,628.7,640.2,627.2,638.1,2140,0,0
2006-09-06,639.5,640.0,632.2,633.2,1562,0,0
2006-09-07,633.5,635.7,614.0,616.7,1275,0,0
2006-09-08,617.6,619.0,606.2,610.2,1112,0,0
2006-09-11,608.7,608.7,583.0,588.7,1061,0,0
2006-09-12,590.1,599.2,584.2,585.7,3455,0,0
2006-09-13,586.6,593.2,578.6,589.7,3906,0,0
2006-09-14,589.5,594.7,574.1,575.0,3651,0,0
2006-09-15,575.6,581.6,570.2,578.7,3978,0,0
2006-09-18,582.2,587.7,577.2,586.7,3181,0,0
2006-09-19,588.5,588.7,571.7,571.7,3268,0,0
2006-09-20,573.2,586.2,572.2,576.2,3422,0,0
2006-09-21,576.1,585.0,574.2,583.7,3439,0,0
2006-09-22,584.2,592.2,583.7,589.1,3654,0,0
2006-09-25,588.6,591.7,581.7,589.1,1605,0,0
2006-09-26,590.1,593.2,585.7,591.2,1808,0,0
2006-09-28,602.6,606.5,599.7,600.7,3202,0,0
2006-09-29,600.6,603.2,593.7,597.7,2627,0,0
2006-10-02,598.2,603.6,578.1,594.7,3024,0,0
2006-10-03,595.2,597.7,573.6,574.1,4275,0,0
2006-10-04,575.0,580.6,559.2,567.2,4387,0,0
2006-10-05,567.0,574.1,562.2,572.7,4229,0,0
2006-10-06,572.6,573.7,560.2,573.2,2361,0,0
2006-10-09,574.6,580.5,571.2,576.2,2291,0,0
2006-10-10,576.5,581.0,568.7,572.5,2820,0,0
2006-10-11,572.1,578.6,570.1,572.6,2860,0,0
2006-10-12,572.6,579.0,570.7,579.0,2470,0,0
2006-10-13,578.7,589.7,576.7,589.6,2604,0,0
2006-10-16,592.7,596.2,589.7,596.2,2195,0,0
2006-10-17,596.6,597.2,585.7,589.5,2276,0,0
2006-10-18,589.0,594.7,587.0,589.2,1783,0,0
2006-10-19,589.5,600.5,586.5,599.7,2629,0,0
2006-10-20,599.2,602.0,590.5,591.1,2758,0,0
2006-10-23,590.5,592.6,579.2,580.7,3093,0,0
2006-10-24,581.5,586.7,572.2,585.2,3262,0,0
2006-10-25,584.6,591.5,579.5,591.2,2720,0,0
2006-10-26,591.7,598.2,589.6,596.0,3248,0,0
2006-10-27,596.2,599.7,591.5,599.2,2508,0,0
2006-10-30,598.2,610.6,598.2,603.6,4032,0,0
2006-10-31,603.6,607.2,597.6,606.1,3466,0,0
2006-11-01,606.0,619.2,605.1,616.7,2152,0,0
2006-11-02,616.0,625.6,613.7,624.2,3445,0,0
2006-11-03,623.6,629.0,617.1,626.9,2891,0,0
2006-11-06,628.2,629.3,622.2,623.0,3386,0,0
2006-11-07,624.1,628.7,621.2,624.0,3494,0,0
2006-11-08,624.1,626.5,612.7,615.7,4262,0,0
2006-11-09,615.6,635.2,614.6,634.7,3681,0,0
2006-11-10,634.0,636.2,624.7,628.2,4426,0,0
2006-11-13,628.2,632.2,620.1,624.6,3630,0,0
2006-11-14,626.5,628.7,618.7,620.7,3517,0,0
2006-11-15,621.6,624.2,615.0,622.2,4159,0,0
2006-11-16,623.0,627.7,617.5,618.2,3395,0,0
2006-11-17,617.5,622.1,614.2,621.2,3062,0,0
2006-11-20,620.7,626.7,619.7,622.2,2933,0,0
2006-11-21,623.2,628.7,621.7,627.7,2867,0,0
2006-11-22,627.2,634.2,625.7,627.9,2239,0,0
2006-11-27,640.5,641.6,636.2,640.5,2843,0,0
2006-11-28,640.7,640.7,632.5,639.7,2601,0,0
2006-11-29,638.7,645.7,634.2,636.6,2720,0,0
2006-11-30,636.2,648.2,636.2,647.2,1995,0,0
2006-12-01,646.1,649.6,643.2,645.0,2566,0,0
2006-12-04,647.0,647.6,640.1,645.7,2406,0,0
2006-12-05,645.6,648.2,638.2,641.2,3180,0,0
2006-12-06,639.1,640.6,627.2,630.7,4017,0,0
2006-12-07,629.2,633.6,624.5,632.2,3434,0,0
2006-12-08,631.7,637.7,622.7,624.6,3121,0,0
2006-12-11,625.0,630.2,622.7,629.2,2571,0,0
2006-12-12,629.6,630.7,626.2,629.0,2040,0,0
2006-12-13,629.1,630.1,623.1,628.2,2427,0,0
2006-12-14,628.0,628.7,624.7,628.5,1955,0,0
2006-12-15,625.5,628.7,614.1,614.7,2529,0,0
2006-12-18,615.6,617.7,611.1,614.7,2573,0,0
2006-12-19,616.2,622.7,614.7,622.2,1925,0,0
2006-12-20,621.7,624.2,618.2,621.1,2008,0,0
2006-12-21,620.2,622.1,617.5,618.1,2147,0,0
2006-12-22,618.7,621.5,618.0,619.2,1338,0,0
2006-12-26,624.5,629.1,623.2,624.1,867,0,0
2006-12-27,624.2,628.7,623.6,627.2,1734,0,0
2006-12-28,626.6,635.5,626.2,633.7,1685,0,0
2006-12-29,634.0,636.2,631.6,636.1,1109,0,0
2007-01-02,638.2,640.7,636.6,640.2,1044,0,0
2007-01-03,640.0,644.7,624.7,627.1,3025,0,0
2007-01-04,627.2,630.2,620.2,621.7,3451,0,0
2007-01-05,622.6,625.7,601.5,606.7,3630,0,0
2007-01-08,608.2,610.5,603.2,608.5,2689,0,0
2007-01-09,609.7,615.2,605.6,613.5,3236,0,0
2007-01-10,612.6,613.2,605.2,611.0,3036,0,0
2007-01-11,610.5,615.7,608.6,611.5,2885,0,0
2007-01-12,611.5,627.2,609.2,626.5,3118,0,0
2007-01-15,625.6,627.7,623.7,626.1,834,0,0
2007-01-16,626.2,627.7,622.5,624.6,2743,0,0
2007-01-17,623.2,633.2,619.7,632.2,2928,0,0
2007-01-18,632.6,636.2,626.2,627.1,2852,0,0
2007-01-19,627.7,636.1,627.0,634.7,2080,0,0
2007-01-22,635.2,639.5,631.6,632.7,2587,0,0
2007-01-23,633.5,647.5,633.2,645.6,2472,0,0
2007-01-24,645.6,648.7,638.5,647.7,2660,0,0
2007-01-25,647.0,654.2,644.7,645.6,3273,0,0
2007-01-26,645.1,647.7,640.6,645.5,3051,0,0
2007-01-29,647.1,647.6,640.7,643.0,2238,0,0
2007-01-30,642.1,647.2,640.7,646.0,1969,0,0
2007-01-31,646.6,654.2,641.7,652.7,2707,0,0
2007-02-01,652.5,661.0,651.5,657.0,2789,0,0
2007-02-02,656.6,659.2,642.7,647.2,2618,0,0
2007-02-05,648.6,651.7,645.7,647.7,2312,0,0
2007-02-06,647.7,658.1,647.6,652.7,2486,0,0
2007-02-07,653.1,656.2,649.7,651.5,2607,0,0
2007-02-08,651.2,660.7,647.5,659.2,1840,0,0
2007-02-09,660.1,668.6,656.7,666.2,2683,0,0
2007-02-12,666.6,666.7,659.6,660.6,2846,0,0
2007-02-13,660.6,668.7,660.2,663.7,3633,0,0
2007-02-14,663.7,671.5,663.7,668.3,3907,0,0
2007-02-15,668.5,670.1,662.0,669.2,4324,0,0
2007-02-16,668.2,669.5,662.5,668.5,3074,0,0
2007-02-19,667.7,672.8,667.2,670.1,1415,0,0
2007-02-20,670.6,671.6,655.3,657.2,3615,0,0
2007-02-21,659.3,682.1,656.7,678.2,3359,0,0
2007-02-22,677.8,680.7,674.7,676.8,3413,0,0
2007-02-23,673.8,688.0,672.3,682.0,3917,0,0
2007-02-26,683.3,687.7,682.1,686.1,2833,0,0
2007-02-27,686.3,688.1,657.7,664.6,3741,0,0
2007-02-28,665.7,677.2,660.8,669.1,5185,0,0
2007-03-01,673.2,677.0,661.2,664.0,7160,0,0
2007-03-02,659.3,663.8,639.1,642.0,7470,0,0
2007-03-05,643.2,644.6,632.8,635.8,5818,0,0
2007-03-06,632.7,647.5,632.5,646.3,4882,0,0
2007-03-07,647.5,651.2,642.3,649.2,4550,0,0
2007-03-08,647.2,655.5,647.2,652.1,4836,0,0
2007-03-09,652.3,657.7,647.2,648.7,4085,0,0
2007-03-12,650.1,653.5,645.2,649.8,3863,0,0
2007-03-13,649.2,651.8,641.2,643.3,3165,0,0
2007-03-14,642.7,645.6,636.5,643.7,4251,0,0
2007-03-15,646.1,649.8,643.3,646.5,3304,0,0
2007-03-16,648.0,655.1,645.6,652.7,3383,0,0
2007-03-19,653.7,655.8,651.7,654.1,2741,0,0
2007-03-20,654.7,660.7,652.2,657.7,3021,0,0
2007-03-21,658.1,664.4,656.6,663.3,3382,0,0
2007-03-22,663.8,666.3,661.6,662.8,3211,0,0
2007-03-23,663.3,664.3,654.7,656.9,3346,0,0
2007-03-26,657.2,664.8,656.7,663.2,3260,0,0
2007-03-27,663.6,665.2,661.3,664.2,2906,0,0
2007-03-28,668.3,669.0,663.1,665.1,3656,0,0
2007-03-29,665.1,665.6,655.0,661.3,3306,0,0
2007-03-30,660.8,667.3,660.5,663.2,3322,0,0
2007-04-02,664.5,665.9,655.9,663.4,3789,0,0
2007-04-03,663.5,667.1,661.5,664.0,4258,0,0
2007-04-04,663.8,675.3,663.3,673.6,5916,0,0
2007-04-05,674.1,675.3,671.3,673.8,3661,0,0
2007-04-06,673.6,674.3,672.6,673.9,104,0,0
2007-04-09,670.6,677.4,670.3,670.7,3823,0,0
2007-04-10,671.1,681.2,670.8,676.7,3544,0,0
2007-04-11,676.7,680.4,674.0,676.8,3827,0,0
2007-04-12,676.7,679.4,670.9,675.5,3675,0,0
2007-04-13,676.1,685.4,675.9,684.6,3529,0,0
2007-04-16,686.6,690.7,682.6,690.0,4172,0,0
2007-04-17,689.5,690.5,685.5,687.3,3830,0,0
2007-04-18,686.6,690.5,685.1,689.5,3989,0,0
2007-04-19,689.5,691.2,678.7,682.2,4689,0,0
2007-04-20,683.4,693.2,682.9,691.3,3596,0,0
2007-04-23,692.8,693.3,686.5,688.7,4575,0,0
2007-04-24,688.9,691.4,680.5,682.8,4644,0,0
2007-04-25,684.3,686.4,681.7,685.2,3701,0,0
2007-04-26,684.5,686.4,671.0,674.4,4063,0,0
2007-04-27,674.1,681.3,670.4,680.9,4103,0,0
2007-04-30,681.0,681.0,675.5,677.7,3156,0,0
2007-05-01,677.9,678.8,671.5,672.8,3325,0,0
2007-05-02,673.4,674.7,667.2,672.3,3691,0,0
2007-05-03,672.1,681.9,671.6,681.7,3188,0,0
2007-05-04,681.6,690.2,679.9,688.3,3103,0,0
2007-05-07,688.5,690.4,686.1,688.0,2602,0,0
2007-05-08,687.9,688.4,681.7,684.9,3470,0,0
2007-05-09,684.6,686.3,675.4,680.3,3746,0,0
2007-05-10,680.1,680.7,664.0,666.0,4462,0,0
2007-05-11,665.9,672.5,664.3,670.5,3960,0,0
2007-05-14,671.1,674.7,666.1,668.9,3785,0,0
2007-05-15,668.8,673.1,664.7,671.6,3512,0,0
2007-05-16,672.2,673.0,659.4,661.6,3791,0,0
2007-05-17,662.1,664.3,653.3,657.2,4071,0,0
2007-05-18,657.7,662.7,655.5,661.2,3667,0,0
2007-05-22,662.8,664.9,657.9,658.7,3024,0,0
2007-05-23,658.6,664.3,657.1,660.9,3314,0,0
2007-05-24,660.9,662.5,651.5,654.1,3449,0,0
2007-05-25,653.5,656.5,653.1,655.5,2628,0,0
2007-05-28,655.2,656.4,654.6,655.2,566,0,0
2007-05-29,655.1,661.7,654.4,656.1,2447,0,0
2007-05-30,656.5,658.3,651.6,653.2,2901,0,0
2007-05-31,653.8,661.5,653.8,660.5,3171,0,0
2007-06-01,661.2,671.3,660.2,671.2,3168,0,0
2007-06-04,670.9,673.6,668.2,670.8,2909,0,0
2007-06-05,670.9,673.0,668.7,669.6,2656,0,0
2007-06-06,669.5,671.7,664.8,670.5,3517,0,0
2007-06-07,669.7,672.7,657.8,658.8,3433,0,0
2007-06-08,658.3,661.1,643.6,648.2,4024,0,0
2007-06-11,649.1,654.7,648.8,653.1,3110,0,0
2007-06-12,653.3,654.3,645.5,646.8,2192,0,0
2007-06-13,646.7,652.2,642.7,650.9,3477,0,0
2007-06-14,651.2,653.8,645.6,650.8,3030,0,0
2007-06-15,653.3,655.5,649.7,654.8,3119,0,0
2007-06-18,656.0,658.8,654.3,655.7,2740,0,0
2007-06-19,655.7,661.8,653.4,661.1,3038,0,0
2007-06-20,661.1,661.4,652.2,654.6,2953,0,0
2007-06-21,654.4,656.3,647.5,651.4,3410,0,0
2007-06-22,651.4,656.0,650.3,653.6,3118,0,0
2007-06-25,653.5,653.7,648.5,650.5,3224,0,0
2007-06-26,651.0,651.6,640.0,640.2,3538,0,0
2007-06-27,639.8,644.4,639.8,642.9,3520,0,0
2007-06-28,643.2,649.6,642.6,648.7,2736,0,0
2007-06-29,648.4,652.1,646.2,649.1,2560,0,0
2007-07-02,650.1,658.3,648.3,657.0,3459,0,0
2007-07-03,657.1,657.8,651.7,652.9,2149,0,0
2007-07-04,652.6,654.8,652.6,654.2,713,0,0
2007-07-05,654.4,656.2,645.4,649.3,2500,0,0
2007-07-06,648.2,655.6,645.0,655.3,3778,0,0
2007-07-09,656.0,662.9,653.3,660.2,4020,0,0
2007-07-10,660.0,664.6,658.4,663.2,3843,0,0
2007-07-11,663.6,665.6,659.5,660.3,3655,0,0
2007-07-12,661.1,668.8,660.5,667.1,4218,0,0
2007-07-13,666.8,668.5,663.1,666.4,3848,0,0
2007-07-16,666.8,668.4,663.2,665.2,3015,0,0
2007-07-17,665.0,667.1,662.3,664.8,3012,0,0
2007-07-18,664.6,673.8,664.2,672.7,4101,0,0
2007-07-19,673.2,677.4,671.0,677.4,3601,0,0
2007-07-20,676.8,686.4,674.9,682.7,4156,0,0
2007-07-23,683.2,684.5,679.8,680.9,3127,0,0
2007-07-24,680.7,687.5,680.4,681.1,3867,0,0
2007-07-25,680.6,681.7,670.8,674.8,4630,0,0
2007-07-26,675.1,676.6,659.7,662.0,5325,0,0
2007-07-27,662.9,666.5,656.5,660.6,4928,0,0
2007-07-30,660.8,665.3,659.6,664.7,3000,0,0
2007-07-31,665.0,668.5,662.9,663.5,3670,0,0
2007-08-01,663.4,666.8,658.8,666.5,4443,0,0
2007-08-02,666.1,666.6,662.3,664.5,3416,0,0
2007-08-03,665.7,675.1,664.6,672.5,4133,0,0
2007-08-06,673.3,674.8,668.7,671.8,4045,0,0
2007-08-07,670.7,672.2,665.8,671.9,3321,0,0
2007-08-08,671.2,676.4,669.3,674.3,3190,0,0
2007-08-09,674.1,674.1,658.9,661.1,4881,0,0
2007-08-10,661.5,675.9,657.7,672.4,5210,0,0
2007-08-13,671.8,671.8,668.1,669.2,3162,0,0
2007-08-14,668.7,671.0,665.2,668.6,3499,0,0
2007-08-15,669.5,670.6,661.7,667.0,4972,0,0
2007-08-16,667.0,667.6,641.6,652.1,7849,0,0
2007-08-17,652.5,663.9,645.3,657.2,6268,0,0
2007-08-20,656.0,660.4,652.7,657.9,5377,0,0
2007-08-21,657.5,659.7,653.9,657.0,5756,0,0
2007-08-22,656.8,661.4,654.2,660.1,4180,0,0
2007-08-23,660.3,664.5,658.2,659.5,4746,0,0
2007-08-24,659.3,668.6,657.2,668.0,4250,0,0
2007-08-27,667.7,668.2,665.3,667.0,2867,0,0
2007-08-28,666.1,668.0,661.8,662.1,4738,0,0
2007-08-29,662.8,668.8,660.7,666.6,4092,0,0
2007-08-30,666.5,667.6,663.1,665.0,4268,0,0
2007-08-31,664.8,674.5,664.3,672.8,4570,0,0
2007-09-03,672.5,673.3,671.1,672.3,719,0,0
2007-09-04,671.8,682.9,671.0,681.4,4345,0,0
2007-09-05,681.4,682.6,678.0,681.0,4149,0,0
2007-09-06,682.2,697.4,680.6,695.2,5237,0,0
2007-09-07,694.6,706.6,691.8,700.2,5706,0,0
2007-09-10,699.6,706.5,698.7,702.8,4847,0,0
2007-09-11,702.6,713.9,702.1,712.1,5005,0,0
2007-09-12,711.1,714.0,705.3,711.7,5140,0,0
2007-09-13,710.5,712.0,703.0,707.9,5549,0,0
2007-09-14,707.5,717.0,703.7,707.0,6133,0,0
2007-09-17,706.6,719.7,706.6,717.1,5906,0,0
2007-09-18,716.1,726.8,711.3,723.8,7306,0,0
2007-09-19,725.2,725.4,719.3,721.4,6917,0,0
2007-09-20,721.8,738.2,720.8,734.1,7291,0,0
2007-09-21,732.9,739.1,726.3,730.8,7996,0,0
2007-09-24,729.9,735.9,725.5,729.9,6433,0,0
2007-09-25,728.8,733.2,721.6,731.1,7390,0,0
2007-09-26,731.2,736.4,726.1,727.8,4287,0,0
2007-09-27,727.4,735.6,726.9,734.1,4352,0,0
2007-09-28,734.0,745.4,733.0,742.9,6053,0,0
2007-10-01,743.7,747.4,740.8,747.1,4703,0,0
2007-10-02,746.4,746.9,724.2,731.1,5892,0,0
2007-10-03,731.8,735.7,725.9,727.0,5836,0,0
2007-10-04,728.0,738.2,720.3,736.8,6295,0,0
2007-10-05,736.1,744.0,726.5,742.2,5379,0,0
2007-10-08,740.6,741.9,730.8,732.9,4644,0,0
2007-10-09,733.1,740.2,726.3,737.7,6991,0,0
2007-10-10,737.9,745.7,737.1,740.7,6239,0,0
2007-10-11,740.9,753.4,740.4,747.4,7538,0,0
2007-10-12,747.8,752.1,744.6,749.3,7118,0,0
2007-10-15,747.3,759.8,747.3,758.8,6462,0,0
2007-10-16,758.4,766.7,753.3,760.5,9920,0,0
2007-10-17,761.4,764.6,751.3,754.6,10229,0,0
2007-10-18,755.7,768.7,754.8,767.3,8506,0,0
2007-10-19,767.5,771.4,757.9,764.8,7347,0,0
2007-10-22,766.4,768.2,745.0,753.8,9739,0,0
2007-10-23,753.8,760.8,752.4,759.2,5727,0,0
2007-10-24,758.6,763.7,753.7,763.3,6097,0,0
2007-10-25,763.3,769.1,761.4,768.7,5424,0,0
2007-10-26,768.6,785.5,768.5,784.7,8032,0,0
2007-10-29,788.4,793.9,784.4,791.8,8837,0,0
2007-10-30,790.0,790.0,778.8,779.3,7896,0,0
2007-10-31,777.7,797.0,776.5,796.1,9911,0,0
2007-11-01,797.9,798.9,783.5,788.4,10359,0,0
2007-11-02,790.0,807.6,787.6,806.3,9872,0,0
2007-11-05,804.2,811.3,800.6,806.0,8483,0,0
2007-11-06,806.9,824.7,805.8,823.9,9536,0,0
2007-11-07,824.3,845.4,822.2,829.1,17349,0,0
2007-11-08,823.8,845.3,823.3,832.9,15900,0,0
2007-11-09,834.7,838.2,826.4,831.6,13024,0,0
2007-11-12,829.1,831.2,791.2,793.4,15204,0,0
2007-11-13,790.5,808.8,790.5,801.1,14724,0,0
2007-11-14,802.7,815.6,800.4,812.2,10629,0,0
2007-11-15,812.2,817.8,782.2,787.6,13904,0,0
2007-11-16,786.3,797.2,783.4,785.7,11454,0,0
2007-11-19,790.0,793.8,774.7,780.9,6066,0,0
2007-11-20,778.9,805.4,772.5,802.0,9655,0,0
2007-11-21,801.9,806.9,794.1,799.3,7763,0,0
2007-11-22,799.1,805.2,799.1,803.7,1329,0,0
2007-11-23,803.1,825.2,802.4,823.3,6035,0,0
2007-11-26,824.8,836.6,820.7,823.0,12418,0,0
2007-11-27,823.8,828.8,807.2,812.6,11501,0,0
2007-11-28,814.4,815.0,791.0,804.8,12636,0,0
2007-11-29,804.0,807.7,792.0,792.9,11061,0,0
2007-11-30,794.8,799.2,778.7,782.7,11041,0,0
2007-12-03,784.6,794.5,776.8,794.3,9876,0,0
2007-12-04,790.0,805.0,786.2,800.6,9532,0,0
2007-12-05,802.1,806.5,790.8,794.8,10814,0,0
2007-12-06,793.5,805.3,784.7,800.8,10636,0,0
2007-12-07,802.6,805.0,790.9,794.4,9534,0,0
2007-12-10,795.2,811.8,793.9,808.2,7391,0,0
2007-12-11,806.9,813.2,795.5,796.1,8822,0,0
2007-12-12,801.4,816.9,800.6,813.0,10567,0,0
2007-12-13,811.3,812.1,792.0,796.0,9942,0,0
2007-12-14,799.8,803.1,787.4,794.4,10064,0,0
2007-12-17,795.1,798.5,784.8,793.5,7780,0,0
2007-12-18,795.8,806.2,790.0,801.8,8134,0,0
2007-12-19,799.8,804.3,797.5,802.3,6856,0,0
2007-12-20,802.3,802.3,793.1,795.7,5698,0,0
2007-12-21,797.2,812.0,796.4,811.2,6050,0,0
2007-12-24,810.4,815.2,807.9,812.4,3482,0,0
2007-12-26,812.4,824.8,812.3,822.9,1728,0,0
2007-12-28,823.7,839.4,823.6,839.1,3454,0,0
2007-12-31,841.1,841.8,828.5,831.5,1645,0,0
2008-01-02,841.0,861.0,839.5,857.2,7298,0,0
2008-01-03,856.2,869.0,853.0,863.5,11609,0,0
2008-01-04,864.2,868.5,853.9,859.2,10650,0,0
2008-01-07,861.5,864.7,854.8,857.2,9230,0,0
2008-01-08,857.2,880.6,857.0,877.9,10093,0,0
2008-01-09,882.9,891.1,871.6,878.4,13977,0,0
2008-01-10,879.6,894.8,865.8,894.3,14348,0,0
2008-01-11,894.2,897.8,886.9,894.9,12959,0,0
2008-01-14,896.9,914.0,891.0,904.4,12685,0,0
2008-01-15,904.9,913.8,887.0,887.7,12351,0,0
2008-01-16,892.3,899.3,874.3,875.5,16159,0,0
2008-01-17,877.6,890.0,875.5,877.2,13800,0,0
2008-01-18,879.6,888.1,869.8,882.7,12888,0,0
2008-01-21,881.9,882.7,860.6,863.7,6997,0,0
2008-01-22,860.9,894.2,849.6,891.0,13645,0,0
2008-01-23,889.2,895.4,876.1,890.4,16295,0,0
2008-01-24,891.6,913.2,888.8,912.4,10570,0,0
2008-01-25,913.1,923.3,905.7,913.5,12453,0,0
2008-01-28,916.3,929.1,914.1,928.3,10311,0,0
2008-01-29,926.4,932.9,919.5,923.1,9511,0,0
2008-01-30,922.7,936.7,915.5,927.1,10209,0,0
2008-01-31,925.8,928.3,918.0,924.5,12310,0,0
2008-02-01,923.9,936.5,903.5,905.0,12582,0,0
2008-02-04,909.7,912.5,891.8,903.3,8094,0,0
2008-02-05,905.1,906.3,883.9,887.9,9892,0,0
2008-02-06,887.1,907.1,885.6,900.7,9888,0,0
2008-02-07,898.6,911.3,895.8,911.1,10420,0,0
2008-02-08,909.6,922.4,907.1,922.1,9773,0,0
2008-02-11,922.9,926.7,915.6,922.4,9686,0,0
2008-02-12,921.9,924.5,902.4,905.9,9952,0,0
2008-02-13,906.6,910.4,895.8,904.7,10947,0,0
2008-02-14,906.6,913.6,901.3,907.1,9118,0,0
2008-02-15,908.5,915.1,897.3,902.0,8352,0,0
2008-02-18,904.0,907.2,899.9,905.2,3912,0,0
2008-02-19,906.4,930.3,905.5,927.0,9021,0,0
2008-02-20,927.5,945.3,912.9,943.7,12358,0,0
2008-02-21,940.7,953.4,937.5,945.5,11768,0,0
2008-02-22,942.8,949.6,935.3,944.7,9482,0,0
2008-02-25,946.5,951.7,932.7,938.0,7823,0,0
2008-02-26,937.5,949.9,926.0,948.0,9820,0,0
2008-02-27,949.8,964.7,948.9,958.4,10159,0,0
2008-02-28,958.5,972.0,952.8,969.4,9811,0,0
2008-02-29,968.8,975.8,964.1,973.5,10049,0,0
2008-03-03,976.1,989.1,975.2,983.2,8844,0,0
2008-03-04,985.2,987.6,956.1,964.4,10835,0,0
2008-03-05,967.2,992.5,958.7,988.8,11382,0,0
2008-03-06,986.4,991.8,964.7,974.6,12578,0,0
2008-03-07,978.0,988.4,969.2,972.5,11054,0,0
2008-03-10,973.6,980.3,960.6,972.7,10645,0,0
2008-03-11,973.8,985.0,964.6,973.4,8556,0,0
2008-03-12,972.4,983.7,967.8,982.0,9673,0,0
2008-03-13,983.1,999.2,981.1,993.6,11409,0,0
2008-03-14,995.1,1006.7,990.2,1002.5,7472,0,0
2008-03-17,1017.0,1032.2,993.7,1004.1,10856,0,0
2008-03-18,1002.2,1011.7,976.2,983.0,8115,0,0
2008-03-19,984.8,996.8,937.4,942.7,8818,0,0
2008-03-20,938.8,939.1,904.4,909.6,10368,0,0
2008-03-21,911.4,917.6,909.5,917.6,60,0,0
2008-03-24,914.0,926.5,906.1,912.5,7689,0,0
2008-03-25,917.1,940.7,916.1,938.9,6771,0,0
2008-03-26,938.0,954.7,934.3,954.5,7323,0,0
2008-03-27,952.1,954.6,940.0,949.1,7416,0,0
2008-03-28,949.7,949.7,922.9,931.2,7593,0,0
2008-03-31,928.2,940.5,912.1,915.8,8165,0,0
2008-04-01,915.4,920.5,871.8,883.3,10500,0,0
2008-04-02,885.3,905.7,880.8,903.4,10215,0,0
2008-04-03,902.5,908.6,887.7,902.8,8884,0,0
2008-04-04,904.4,914.3,899.0,913.4,6123,0,0
2008-04-07,915.5,929.0,910.4,919.9,7244,0,0
2008-04-08,920.3,925.4,907.9,914.46,6666,0,0
2008-04-09,916.6,935.2,902.7,933.8,7483,0,0
2008-04-10,932.7,939.3,921.8,928.5,7442,0,0
2008-04-11,928.1,931.7,917.0,924.7,6314,0,0
2008-04-14,920.1,931.2,914.0,923.6,6668,0,0
2008-04-15,923.8,935.9,923.1,927.5,5787,0,0
2008-04-16,926.6,948.6,924.1,944.6,5940,0,0
2008-04-17,944.2,952.4,937.1,938.5,5817,0,0
2008-04-18,941.8,946.2,904.4,916.2,5943,0,0
2008-04-21,917.6,928.4,910.8,916.2,6319,0,0
2008-04-22,914.9,925.1,911.3,915.4,6227,0,0
2008-04-23,916.7,922.4,896.6,903.7,6366,0,0
2008-04-24,904.3,906.4,882.8,887.8,6446,0,0
2008-04-25,887.6,896.1,877.5,885.8,6659,0,0
2008-04-28,887.1,895.4,886.9,893.2,6008,0,0
2008-04-29,892.3,892.6,868.5,870.6,6610,0,0
2008-04-30,872.4,878.3,862.2,876.7,8424,0,0
2008-05-01,875.3,881.4,847.0,852.2,8873,0,0
2008-05-02,853.2,858.8,844.9,855.9,7195,0,0
2008-05-05,861.6,874.0,860.2,873.7,5275,0,0
2008-05-06,873.2,882.4,871.2,875.4,5658,0,0
2008-05-07,875.6,880.7,863.4,867.9,6599,0,0
2008-05-08,867.4,885.1,865.2,882.6,6812,0,0
2008-05-09,882.7,889.3,870.4,884.3,6316,0,0
2008-05-12,885.1,889.4,877.5,882.4,6764,0,0
2008-05-13,882.4,885.2,860.5,866.1,7651,0,0
2008-05-14,865.9,870.6,859.6,864.5,7369,0,0
2008-05-15,864.7,887.2,861.9,881.2,6590,0,0
2008-05-16,882.5,904.4,879.8,902.1,6640,0,0
2008-05-19,905.1,913.5,900.5,904.7,5912,0,0
2008-05-20,905.5,923.1,902.5,919.0,5728,0,0
2008-05-21,919.0,932.3,916.0,931.0,5791,0,0
2008-05-22,934.2,934.9,917.0,920.9,7097,0,0
2008-05-23,921.1,928.8,914.7,924.5,5449,0,0
2008-05-26,923.9,928.8,923.2,928.6,1705,0,0
2008-05-27,927.9,930.5,904.0,905.0,6341,0,0
2008-05-28,906.3,909.5,889.0,900.7,6445,0,0
2008-05-29,902.5,902.9,873.2,876.9,7756,0,0
2008-05-30,878.3,888.8,870.4,886.3,6293,0,0
2008-06-02,886.8,897.0,880.8,890.0,6328,0,0
2008-06-03,891.2,896.4,875.0,878.8,6466,0,0
2008-06-04,881.2,886.3,875.7,878.1,6768,0,0
2008-06-05,877.5,879.4,864.6,877.9,5976,0,0
2008-06-06,877.4,901.9,877.3,901.8,7456,0,0
2008-06-09,903.4,908.8,890.8,892.3,8912,0,0
2008-06-10,892.7,894.6,863.8,866.7,7882,0,0
2008-06-11,868.4,882.5,867.0,880.0,6750,0,0
2008-06-12,880.8,881.9,857.1,868.8,6791,0,0
2008-06-16,872.0,894.3,866.3,881.7,6342,0,0
2008-06-17,882.5,888.2,873.8,882.1,6982,0,0
2008-06-18,881.8,895.4,880.0,893.7,6778,0,0
2008-06-19,895.0,908.3,886.5,898.1,7101,0,0
2008-06-20,898.0,907.4,895.6,901.6,6796,0,0
2008-06-23,903.6,907.1,875.8,883.4,6448,0,0
2008-06-24,883.0,893.7,882.5,889.4,5737,0,0
2008-06-25,888.6,890.3,873.2,885.8,7430,0,0
2008-06-26,885.9,917.8,884.5,916.5,7171,0,0
2008-06-27,914.8,930.4,910.0,927.3,7686,0,0
2008-06-30,929.3,934.9,918.2,924.6,7472,0,0
2008-07-01,925.4,945.6,921.7,939.3,7949,0,0
2008-07-02,939.6,945.3,931.4,944.8,7045,0,0
2008-07-03,943.4,946.2,927.5,933.5,8013,0,0
2008-07-04,933.8,936.0,928.7,933.6,2515,0,0
2008-07-07,932.0,932.1,914.7,926.0,9163,0,0
2008-07-08,924.3,932.8,912.4,919.6,8339,0,0
2008-07-09,917.2,928.5,915.7,928.0,7281,0,0
2008-07-10,927.8,947.4,925.2,946.6,7939,0,0
2008-07-11,945.6,967.4,941.3,963.7,9682,0,0
2008-07-14,963.7,974.9,953.7,972.2,8959,0,0
2008-07-15,970.8,988.0,968.0,977.0,10055,0,0
2008-07-16,977.5,980.9,957.3,960.0,9609,0,0
2008-07-17,961.4,978.4,952.7,958.1,10515,0,0
2008-07-18,959.0,964.3,949.5,954.5,8204,0,0
2008-07-21,956.1,968.0,955.7,966.3,6228,0,0
2008-07-22,967.0,975.7,943.3,945.7,7546,0,0
2008-07-23,947.0,948.7,917.6,920.2,8866,0,0
2008-07-24,921.2,930.8,916.5,927.0,6209,0,0
2008-07-25,928.2,934.8,918.4,929.1,7612,0,0
2008-07-28,928.1,932.5,922.4,930.4,6874,0,0
2008-07-29,931.4,932.9,913.9,917.3,6897,0,0
2008-07-30,918.9,919.3,893.6,905.8,7187,0,0
2008-07-31,907.4,925.1,906.6,913.3,7300,0,0
2008-08-01,913.7,916.7,901.7,910.3,6841,0,0
2008-08-04,912.7,915.1,893.6,894.7,8815,0,0
2008-08-05,894.7,895.3,872.3,873.7,8584,0,0
2008-08-06,873.5,886.0,872.5,879.1,7225,0,0
2008-08-07,879.6,884.5,867.5,872.8,8739,0,0
2008-08-08,873.3,873.4,850.5,856.2,9447,0,0
2008-08-11,861.3,865.6,818.1,822.6,9343,0,0
2008-08-12,825.6,826.6,801.8,811.3,13202,0,0
2008-08-13,815.0,829.4,804.9,826.1,10073,0,0
2008-08-14,826.4,836.3,804.4,806.0,9178,0,0
2008-08-15,804.9,804.9,772.6,787.1,11347,0,0
2008-08-18,793.1,803.7,789.3,799.5,9202,0,0
2008-08-19,794.3,816.4,781.9,813.6,8817,0,0
2008-08-20,814.2,818.0,799.7,813.1,10182,0,0
2008-08-21,813.9,838.8,811.3,835.9,8666,0,0
2008-08-22,832.2,837.7,820.9,822.7,6181,0,0
2008-08-25,822.1,825.7,815.8,821.1,8712,0,0
2008-08-26,821.9,830.2,806.6,824.1,7816,0,0
2008-08-27,822.6,834.6,822.1,826.4,8990,0,0
2008-08-28,828.3,843.7,825.0,833.7,8269,0,0
2008-08-29,833.0,838.4,829.1,830.7,7272,0,0
2008-09-01,833.8,835.1,815.4,817.6,3800,0,0
2008-09-02,816.1,819.6,790.4,804.5,9526,0,0
2008-09-03,803.6,808.0,789.1,802.3,9640,0,0
2008-09-04,801.3,814.4,793.0,793.0,8820,0,0
2008-09-05,792.9,818.8,790.2,803.3,9241,0,0
2008-09-08,812.3,817.8,796.6,801.8,7560,0,0
2008-09-09,802.8,804.6,775.6,775.8,10010,0,0
2008-09-10,777.1,783.4,751.3,752.1,11622,0,0
2008-09-11,754.6,757.7,735.9,747.3,10297,0,0
2008-09-12,748.9,766.2,745.9,764.9,8534,0,0
2008-09-15,778.6,787.3,764.2,787.3,9478,0,0
2008-09-16,783.6,789.5,771.9,778.0,9397,0,0
2008-09-17,778.5,868.1,777.0,863.5,10531,0,0
2008-09-18,867.0,909.7,835.9,851.7,12753,0,0
2008-09-19,852.7,877.1,824.1,872.8,12019,0,0
2008-09-22,878.5,908.4,861.7,897.6,11444,0,0
2008-09-23,904.3,909.3,880.2,891.3,11808,0,0
2008-09-24,886.4,900.6,875.0,881.0,8981,0,0
2008-09-25,881.4,897.1,863.4,876.3,12207,0,0
2008-09-26,876.4,911.2,865.6,877.8,10961,0,0
2008-09-29,871.5,923.9,866.8,905.7,16437,0,0
2008-09-30,907.9,914.4,856.7,870.9,14682,0,0
2008-10-01,872.4,893.1,864.4,869.9,13326,0,0
2008-10-02,871.1,876.0,829.7,835.8,13161,0,0
2008-10-03,834.0,847.1,819.0,835.3,11381,0,0
2008-10-06,829.0,875.8,825.4,858.6,10465,0,0
2008-10-07,860.6,891.1,859.1,888.0,9706,0,0
2008-10-08,885.4,920.9,877.5,908.1,9353,0,0
2008-10-09,905.7,924.2,881.2,913.0,9540,0,0
2008-10-10,915.9,931.1,826.6,849.6,17232,0,0
2008-10-13,862.5,871.9,822.6,831.6,10799,0,0
2008-10-14,835.2,853.7,831.9,836.2,10152,0,0
2008-10-15,840.6,856.5,831.2,847.5,9464,0,0
2008-10-16,848.8,849.9,785.1,805.5,10041,0,0
2008-10-17,800.2,814.8,772.4,782.8,10648,0,0
2008-10-20,786.1,809.7,784.4,796.0,12979,0,0
2008-10-21,796.6,803.3,765.3,771.5,12684,0,0
2008-10-22,775.3,775.9,720.2,729.2,13837,0,0
2008-10-23,723.2,735.0,698.4,723.9,13159,0,0
2008-10-24,725.1,747.5,681.4,733.2,15402,0,0
2008-10-27,736.7,746.7,706.6,730.5,11028,0,0
2008-10-28,734.0,755.4,723.8,748.9,10293,0,0
2008-10-29,755.9,774.2,737.3,757.5,9870,0,0
2008-10-30,759.5,777.2,732.6,738.4,13862,0,0
2008-10-31,734.8,740.9,717.1,723.7,12116,0,0
2008-11-03,728.2,738.9,721.6,722.6,10453,0,0
2008-11-04,726.9,767.5,721.4,762.7,10219,0,0
2008-11-05,764.2,764.7,736.2,738.8,13180,0,0
2008-11-06,743.0,760.1,729.1,731.6,12798,0,0
2008-11-07,732.6,744.6,725.3,735.8,10966,0,0
2008-11-10,750.6,767.9,741.1,744.7,11769,0,0
2008-11-11,747.9,749.9,726.6,731.6,10675,0,0
2008-11-12,731.5,738.7,708.9,710.6,11263,0,0
2008-11-13,713.2,739.1,699.7,736.0,15442,0,0
2008-11-14,732.0,753.7,725.0,741.2,13897,0,0
2008-11-17,739.4,749.1,730.6,736.5,11755,0,0
2008-11-18,738.0,745.8,731.2,737.6,11435,0,0
2008-11-19,738.7,761.6,731.5,735.2,14258,0,0
2008-11-20,735.4,752.1,734.1,745.0,13724,0,0
2008-11-21,743.9,801.3,742.2,800.0,14055,0,0
2008-11-24,801.7,829.3,785.9,821.0,18580,0,0
2008-11-25,816.9,830.5,803.1,820.4,13102,0,0
2008-11-26,816.0,822.9,808.5,810.5,11474,0,0
2008-11-27,811.5,816.9,811.2,816.0,4301,0,0
2008-12-01,815.1,815.2,767.2,768.7,16186,0,0
2008-12-02,770.8,785.7,762.1,781.8,18922,0,0
2008-12-03,777.1,783.0,764.1,773.9,16823,0,0
2008-12-04,774.9,782.0,762.3,766.3,18482,0,0
2008-12-05,767.1,772.5,741.1,755.7,10781,0,0
2008-12-08,758.4,781.8,758.3,771.9,16492,0,0
2008-12-09,772.4,779.9,762.5,776.2,9147,0,0
2008-12-10,774.9,812.9,774.8,809.3,11753,0,0
2008-12-11,803.9,834.3,801.6,819.9,12715,0,0
2008-12-12,819.4,828.5,807.6,821.3,6262,0,0
2008-12-15,827.8,841.9,822.1,836.6,10452,0,0
2008-12-16,836.3,859.1,830.0,856.7,13115,0,0
2008-12-17,852.7,881.5,846.1,867.3,15086,0,0
2008-12-18,864.6,878.1,848.4,852.2,13737,0,0
2008-12-19,850.2,853.3,829.6,837.5,13452,0,0
2008-12-22,839.7,851.1,839.5,847.0,16945,0,0
2008-12-23,845.6,847.5,829.9,839.7,14641,0,0
2008-12-24,836.4,848.3,834.4,847.4,7498,0,0
2008-12-26,842.9,871.1,842.6,867.0,4033,0,0
2008-12-29,875.1,887.8,872.4,877.9,3726,0,0
2008-12-30,878.6,879.3,862.7,871.4,8245,0,0
2008-12-31,870.3,870.8,855.3,865.9,4816,0,0
2009-01-02,874.2,879.8,867.3,874.6,7562,0,0
2009-01-05,882.6,884.0,844.8,857.8,18091,0,0
2009-01-06,854.9,869.8,839.0,863.0,18601,0,0
2009-01-07,860.5,866.6,836.3,842.0,17291,0,0
2009-01-08,837.0,863.7,837.0,856.1,18893,0,0
2009-01-09,855.3,868.0,844.4,853.0,16769,0,0
2009-01-12,852.7,853.6,814.9,820.1,5180,0,0
2009-01-13,822.1,830.1,813.6,820.7,16001,0,0
2009-01-14,821.5,828.9,806.5,811.0,16994,0,0
2009-01-15,812.3,820.8,801.9,816.7,18989,0,0
2009-01-16,816.0,842.7,815.0,841.7,10451,0,0
2009-01-19,840.6,842.5,831.9,834.8,9046,0,0
2009-01-20,834.0,865.8,823.2,855.8,16973,0,0
2009-01-21,853.3,863.8,843.4,853.4,14340,0,0
2009-01-22,852.3,862.5,844.0,856.5,15912,0,0
2009-01-23,855.1,902.7,852.2,898.7,19106,0,0
2009-01-26,896.4,915.4,888.8,903.5,13471,0,0
2009-01-27,904.2,907.3,892.1,897.6,16449,0,0
2009-01-28,898.9,902.5,881.9,887.4,16035,0,0
2009-01-29,885.3,908.9,874.2,908.8,19001,0,0
2009-01-30,905.6,929.2,900.6,926.5,19044,0,0
2009-02-02,923.7,924.8,900.8,903.8,12757,0,0
2009-02-03,900.0,912.3,888.9,900.0,12031,0,0
2009-02-04,897.3,908.9,895.2,904.9,10204,0,0
2009-02-05,903.7,923.9,901.8,914.1,10791,0,0
2009-02-06,909.0,919.4,904.1,910.7,7404,0,0
2009-02-09,906.3,907.7,890.4,894.4,10001,0,0
2009-02-10,894.1,917.6,890.8,914.1,10355,0,0
2009-02-11,915.5,946.7,910.3,938.4,5498,0,0
2009-02-12,937.6,952.2,934.6,946.4,14880,0,0
2009-02-13,942.3,943.8,932.2,941.0,16191,0,0
2009-02-16,940.6,943.8,935.7,941.1,3377,0,0
2009-02-17,940.7,973.3,939.9,968.7,5829,0,0
2009-02-18,968.5,986.8,960.9,983.1,6406,0,0
2009-02-19,980.5,985.8,968.5,973.2,6707,0,0
2009-02-20,976.0,1005.9,970.0,992.1,7518,0,0
2009-02-23,995.2,997.7,975.6,991.2,6170,0,0
2009-02-24,985.7,994.5,959.3,962.8,7749,0,0
2009-02-25,960.2,978.0,944.0,952.2,13826,0,0
2009-02-26,953.2,956.4,931.9,944.9,14973,0,0
2009-02-27,943.1,962.6,927.5,941.6,15258,0,0
2009-03-02,947.5,957.9,921.4,925.0,13879,0,0
2009-03-03,926.8,932.0,905.0,914.7,8517,0,0
2009-03-04,913.8,922.4,899.5,905.2,32556,0,0
2009-03-05,910.1,936.2,907.1,932.1,34818,0,0
2009-03-06,930.3,944.7,930.2,938.6,31937,0,0
2009-03-09,937.4,940.3,911.1,920.0,21319,0,0
2009-03-10,920.6,921.5,890.8,895.6,23885,0,0
2009-03-11,895.1,912.9,891.9,908.4,23236,0,0
2009-03-12,908.7,930.5,906.8,925.1,28671,0,0
2009-03-13,924.2,938.3,919.3,929.0,21245,0,0
2009-03-16,925.1,929.4,915.3,923.6,21643,0,0
2009-03-17,922.0,923.6,912.0,915.1,20058,0,0
2009-03-18,913.5,948.6,883.0,937.2,31769,0,0
2009-03-19,935.0,961.7,925.1,954.2,38129,0,0
2009-03-20,952.9,966.7,946.2,951.4,29634,0,0
2009-03-23,950.6,956.7,935.3,937.7,25171,0,0
2009-03-24,941.1,943.6,916.8,928.6,30707,0,0
2009-03-25,929.3,940.3,916.1,932.4,29510,0,0
2009-03-26,934.2,944.7,931.2,934.0,15200,0,0
2009-03-27,933.9,935.6,918.8,922.4,5016,0,0
2009-03-30,923.8,931.8,908.6,915.1,22900,0,0
2009-03-31,915.2,924.5,911.3,917.4,29206,0,0
2009-04-01,916.9,932.6,916.3,926.2,24307,0,0
2009-04-02,926.6,928.9,894.6,903.8,30649,0,0
2009-04-03,905.9,908.6,890.3,892.4,17345,0,0
2009-04-06,892.3,893.6,865.1,869.2,32238,0,0
2009-04-07,872.0,884.8,870.5,880.5,30688,0,0
2009-04-08,883.1,890.0,878.1,880.1,28874,0,0
2009-04-09,880.8,886.3,874.7,878.9,25296,0,0
2009-04-10,878.71,885.53,877.75,881.15,3251,0,0
2009-04-13,883.95,899.73,882.4,893.3,30056,0,0
2009-04-14,895.12,898.26,885.95,889.9,48492,0,0
2009-04-15,889.78,899.38,885.69,890.6,50977,0,0
2009-04-16,890.24,893.5,871.65,875.15,50278,0,0
2009-04-17,876.43,876.63,864.78,868.25,46081,0,0
2009-04-20,868.51,888.33,864.54,884.53,44756,0,0
2009-04-21,882.98,894.99,878.7,883.2,43597,0,0
2009-04-22,882.8,893.38,881.63,889.9,25205,0,0
2009-04-23,890.55,908.66,889.58,903.45,30795,0,0
2009-04-24,903.9,913.73,903.85,912.5,29537,0,0
2009-04-27,915.6,918.1,904.98,906.2,27442,0,0
2009-04-28,905.2,906.46,884.24,892.22,30919,0,0
2009-04-29,891.1,902.7,887.42,898.1,27068,0,0
2009-04-30,895.6,899.78,880.7,886.2,28384,0,0
2009-05-01,885.9,889.58,880.03,886.05,25337,0,0
2009-05-04,886.7,907.1,885.1,902.85,24348,0,0
2009-05-05,903.85,915.73,894.43,896.3,31411,0,0
2009-05-06,896.4,912.18,895.55,910.53,31702,0,0
2009-05-07,910.8,925.28,908.67,909.75,25593,0,0
2009-05-08,911.4,919.58,905.14,915.9,30640,0,0
2009-05-11,915.65,917.39,908.36,913.18,26429,0,0
2009-05-12,912.69,923.66,911.5,922.35,18098,0,0
2009-05-13,924.35,930.53,917.43,925.95,6335,0,0
2009-05-14,926.75,928.31,920.34,925.05,17572,0,0
2009-05-15,925.51,933.98,923.68,931.15,25260,0,0
2009-05-18,930.97,933.38,915.82,918.2,27463,0,0
2009-05-20,925.71,940.26,924.76,937.38,30054,0,0
2009-05-21,937.55,955.88,935.73,951.83,24167,0,0
2009-05-22,953.25,960.92,949.87,956.95,24087,0,0
2009-05-25,956.88,959.4,952.33,958.45,2097,0,0
2009-05-26,955.4,957.15,941.11,951.75,24335,0,0
2009-05-27,952.2,959.21,946.66,948.4,27173,0,0
2009-05-28,945.08,964.75,944.19,957.89,28912,0,0
2009-05-29,960.75,980.02,958.67,978.57,26770,0,0
2009-06-01,976.74,988.37,973.25,974.45,29995,0,0
2009-06-02,974.23,986.62,969.39,982.9,29958,0,0
2009-06-03,982.37,989.63,960.3,962.58,34082,0,0
2009-06-04,964.23,981.56,960.69,979.6,39914,0,0
2009-06-05,981.94,983.61,952.4,954.79,40917,0,0
2009-06-08,954.39,959.43,943.29,950.03,29594,0,0
2009-06-09,952.65,961.53,947.09,954.25,33329,0,0
2009-06-10,955.17,965.02,946.93,954.25,34600,0,0
2009-06-11,955.12,961.67,942.88,954.5,18906,0,0
2009-06-12,954.75,957.78,936.23,938.8,9995,0,0
2009-06-15,935.4,938.65,925.23,926.5,3955,0,0
2009-06-16,928.35,938.98,928.15,934.6,4114,0,0
2009-06-17,933.45,939.92,927.74,938.63,25806,0,0
2009-06-18,941.3,941.65,929.56,932.85,29918,0,0
2009-06-19,931.77,938.74,930.48,933.48,26942,0,0
2009-06-22,933.65,934.69,917.78,922.1,27428,0,0
2009-06-23,922.28,926.67,912.88,925.65,31107,0,0
2009-06-24,925.98,940.65,922.13,932.0,31892,0,0
2009-06-25,931.29,939.78,929.72,938.65,29094,0,0
2009-06-26,938.58,948.15,936.23,939.1,28896,0,0
2009-06-29,936.28,942.55,934.19,937.56,21412,0,0
2009-06-30,938.16,944.72,923.54,926.35,26489,0,0
2009-07-01,927.49,945.68,927.28,940.48,23352,0,0
2009-07-02,940.85,941.25,926.38,929.15,24211,0,0
2009-07-03,929.89,933.94,927.83,931.5,12733,0,0
2009-07-06,929.75,931.23,920.58,922.88,7425,0,0
2009-07-07,924.7,931.33,921.08,923.4,27299,0,0
2009-07-08,922.96,925.32,904.78,909.0,29214,0,0
2009-07-09,908.5,918.34,906.15,911.24,15110,0,0
2009-07-10,912.81,915.17,907.11,912.58,8963,0,0
2009-07-13,913.77,923.0,907.73,920.5,9424,0,0
2009-07-14,920.2,927.47,917.65,925.1,9420,0,0
2009-07-15,926.2,941.78,924.3,938.95,24074,0,0
2009-07-16,939.61,940.19,932.6,936.86,23955,0,0
2009-07-17,935.4,939.62,931.79,936.95,22866,0,0
2009-07-20,938.33,954.93,937.95,949.2,22297,0,0
2009-07-21,950.48,953.6,944.31,948.53,26268,0,0
2009-07-22,948.17,954.41,944.58,950.95,25173,0,0
2009-07-23,950.4,957.15,947.09,947.45,27932,0,0
2009-07-24,948.04,953.91,946.95,950.92,24018,0,0
2009-07-27,949.62,958.68,947.65,953.1,21834,0,0
2009-07-28,952.63,956.48,934.14,937.16,25260,0,0
2009-07-29,937.62,940.54,925.48,929.4,32915,0,0
2009-07-30,929.17,936.78,928.3,933.92,34194,0,0
2009-07-31,934.37,956.4,932.28,953.5,35229,0,0
2009-08-03,952.97,962.09,951.63,956.3,38492,0,0
2009-08-04,956.33,969.82,951.0,967.25,38575,0,0
2009-08-05,966.21,967.8,958.76,962.6,37833,0,0
2009-08-06,963.17,971.46,955.97,962.83,39748,0,0
2009-08-07,962.67,965.12,953.09,954.45,39046,0,0
2009-08-10,953.95,956.59,942.96,945.65,37158,0,0
2009-08-11,945.03,949.58,941.96,945.97,35305,0,0
2009-08-12,946.23,951.96,939.88,947.05,36804,0,0
2009-08-13,948.36,960.36,948.15,954.5,35244,0,0
2009-08-14,955.62,958.9,943.25,948.05,35707,0,0
2009-08-17,947.59,948.04,930.08,933.8,28795,0,0
2009-08-18,935.65,939.68,934.13,938.25,24281,0,0
2009-08-19,938.28,944.79,931.78,941.55,33789,0,0
2009-08-20,943.48,945.56,937.04,940.35,29118,0,0
2009-08-21,940.43,957.65,937.69,953.24,30808,0,0
2009-08-24,953.28,956.59,939.66,942.15,36142,0,0
2009-08-25,942.6,954.2,942.32,944.71,40070,0,0
2009-08-26,945.03,949.8,940.01,945.2,34424,0,0
2009-08-27,945.27,950.27,941.48,947.75,32984,0,0
2009-08-28,949.43,961.39,948.33,954.42,32043,0,0
2009-08-31,955.92,960.19,944.43,950.65,25968,0,0
2009-09-01,952.34,956.85,946.23,956.85,34537,0,0
2009-09-02,955.45,980.07,951.27,977.6,39046,0,0
2009-09-03,977.57,997.16,974.13,991.1,44548,0,0
2009-09-04,993.96,996.32,985.36,993.37,36736,0,0
2009-09-07,994.25,996.52,990.75,994.5,20939,0,0
2009-09-08,995.47,1007.4,992.43,996.19,39343,0,0
2009-09-09,1000.46,1002.89,987.05,992.15,39863,0,0
2009-09-10,993.02,998.15,982.57,994.58,36748,0,0
2009-09-11,996.05,1011.57,994.3,1004.71,37514,0,0
2009-09-14,1006.86,1008.65,993.16,999.55,33903,0,0
2009-09-15,998.65,1009.37,992.12,1006.25,35575,0,0
2009-09-16,1007.86,1020.4,1005.95,1017.2,41692,0,0
2009-09-17,1017.1,1023.87,1010.03,1013.03,36748,0,0
2009-09-18,1013.43,1017.62,1005.8,1007.13,32322,0,0
2009-09-21,1003.16,1006.48,995.81,1003.2,45520,0,0
2009-09-22,1003.44,1019.67,1003.2,1014.4,44519,0,0
2009-09-23,1014.74,1018.42,1005.9,1007.65,50720,0,0
2009-09-24,1008.41,1018.83,990.59,994.45,39337,0,0
2009-09-25,993.8,998.99,985.0,990.6,48741,0,0
2009-09-28,994.37,996.5,985.88,990.55,38965,0,0
2009-09-29,991.31,995.71,984.99,991.9,28416,0,0
2009-09-30,993.26,1008.95,991.5,1007.3,42693,0,0
2009-10-01,1009.4,1009.57,997.7,999.12,27484,0,0
2009-10-02,1001.7,1007.28,986.55,1002.37,35781,0,0
2009-10-05,1003.03,1017.67,1000.85,1017.67,50141,0,0
2009-10-06,1016.49,1043.35,1015.32,1041.4,40892,0,0
2009-10-07,1039.95,1048.48,1036.54,1044.37,33458,0,0
2009-10-08,1046.1,1061.35,1042.82,1054.75,34859,0,0
2009-10-09,1052.2,1052.45,1043.63,1048.8,29906,0,0
2009-10-12,1052.29,1058.9,1046.94,1055.65,44879,0,0
2009-10-13,1056.12,1068.63,1050.77,1064.37,49490,0,0
2009-10-14,1064.85,1070.58,1056.0,1062.5,63865,0,0
2009-10-15,1063.1,1065.56,1046.36,1050.52,60768,0,0
2009-10-16,1051.42,1056.73,1043.16,1053.15,50574,0,0
2009-10-19,1054.72,1064.49,1047.89,1063.37,55649,0,0
2009-10-20,1063.77,1067.75,1052.06,1054.61,57313,0,0
2009-10-21,1055.01,1064.73,1047.66,1059.1,62008,0,0
2009-10-22,1059.11,1061.41,1051.45,1060.0,61519,0,0
2009-10-23,1060.97,1067.24,1050.17,1055.07,60477,0,0
2009-10-26,1052.59,1059.54,1036.7,1037.92,52843,0,0
2009-10-27,1038.23,1043.37,1032.32,1040.15,58604,0,0
2009-10-28,1040.49,1041.65,1026.4,1027.31,53984,0,0
2009-10-29,1029.67,1047.57,1028.47,1046.44,58552,0,0
2009-10-30,1044.88,1048.75,1034.94,1044.96,49960,0,0
2009-11-02,1044.12,1062.37,1042.84,1058.95,57547,0,0
2009-11-04,1081.83,1097.31,1079.87,1092.05,55417,0,0
2009-11-05,1090.49,1094.01,1083.81,1089.8,61625,0,0
2009-11-06,1088.57,1100.94,1086.71,1094.72,50882,0,0
2009-11-09,1096.22,1110.97,1095.49,1103.0,46619,0,0
2009-11-10,1105.0,1109.04,1096.83,1105.98,53070,0,0
2009-11-11,1106.7,1118.43,1105.5,1116.85,55520,0,0
2009-11-12,1115.29,1122.7,1102.26,1103.55,57860,0,0
2009-11-13,1104.57,1118.99,1100.94,1118.29,47448,0,0
2009-11-16,1124.11,1143.3,1122.98,1139.75,51969,0,0
2009-11-17,1137.0,1141.74,1127.69,1140.63,55088,0,0
2009-11-18,1140.84,1152.78,1135.97,1141.45,50353,0,0
2009-11-19,1142.44,1145.77,1129.7,1144.37,54019,0,0
2009-11-20,1143.59,1150.85,1132.7,1150.2,51778,0,0
2009-11-23,1159.16,1173.55,1158.84,1162.28,49468,0,0
2009-11-24,1160.79,1171.19,1157.94,1168.4,41013,0,0
2009-11-25,1167.4,1192.53,1166.61,1192.2,33026,0,0
2009-11-26,1187.92,1194.95,1180.36,1191.8,20040,0,0
2009-11-27,1186.33,1191.3,1137.58,1177.28,35886,0,0
2009-11-30,1169.2,1181.78,1163.75,1179.32,37770,0,0
2009-12-01,1179.66,1201.32,1175.23,1195.3,32010,0,0
2009-12-02,1196.68,1216.9,1196.58,1215.1,35429,0,0
2009-12-03,1220.17,1226.37,1204.28,1207.6,37003,0,0
2009-12-04,1205.68,1212.24,1147.32,1160.82,39303,0,0
2009-12-07,1156.87,1164.62,1135.53,1157.7,39423,0,0
2009-12-08,1157.26,1168.47,1124.35,1128.1,41097,0,0
2009-12-09,1130.78,1146.85,1116.75,1128.2,42337,0,0
2009-12-10,1133.04,1136.49,1120.9,1129.9,42589,0,0
2009-12-11,1134.59,1142.13,1109.36,1115.05,40729,0,0
2009-12-14,1113.48,1127.33,1113.29,1126.8,34669,0,0
2009-12-15,1127.31,1128.99,1111.32,1123.1,36047,0,0
2009-12-16,1123.02,1141.02,1121.33,1137.84,37211,0,0
2009-12-17,1139.32,1141.51,1094.71,1097.29,39721,0,0
2009-12-18,1103.93,1116.4,1096.83,1112.98,31105,0,0
2009-12-21,1114.13,1117.9,1090.0,1091.9,13638,0,0
2009-12-22,1095.9,1097.14,1074.48,1083.4,25529,0,0
2009-12-23,1085.5,1095.67,1079.15,1087.77,44002,0,0
2009-12-24,1091.4,1105.67,1090.25,1105.15,36743,0,0
2009-12-28,1108.24,1113.4,1101.2,1108.29,36564,0,0
2009-12-29,1105.19,1108.09,1096.3,1097.26,48347,0,0
2009-12-30,1094.37,1096.36,1085.99,1093.91,52111,0,0
